product_id,nowtime,current_price,old_price,other,price_per_unit,product_description,vendor,product_name,units
223,2024-04-26 09:20:00,7.14,NA,NA,$0.03/gram,Voila~Dempster's Whole Wheat Bread Texas Toast 587 g,Voila,Dempster's Whole Wheat Bread Texas Toast 651 g,518g
294,2024-04-27 09:20:00,7.92,NA,NA,$0.02/gram,Voila~Dempster's Whole Wheat Bread Texas Toast 571 g,Voila,Dempster's Whole Wheat Bread Texas Toast 616 g,612g
451,2024-04-28 09:20:00,6.68,3.99,NA,$0.02/gram,Voila~Dempster's Whole Wheat Bread Texas Toast 694 g,Voila,Dempster's Whole Wheat Bread Texas Toast 592 g,549g
158,2024-04-29 09:20:00,4.33,NA,NA,$0.02/gram,Voila~Dempster's Whole Wheat Bread Texas Toast 612 g,Voila,Dempster's Whole Wheat Bread Texas Toast 660 g,543g
298,2024-04-30 09:20:00,6.35,9.78,NA,$0.04/gram,Voila~Dempster's Whole Wheat Bread Texas Toast 513 g,Voila,Dempster's Whole Wheat Bread Texas Toast 668 g,689g
229,2024-05-01 09:20:00,6.86,NA,NA,$0.02/gram,Voila~Dempster's Whole Wheat Bread Texas Toast 553 g,Voila,Dempster's Whole Wheat Bread Texas Toast 673 g,675g
457,2024-05-02 09:20:00,5.69,8.71,NA,$0.04/gram,Voila~Dempster's Whole Wheat Bread Texas Toast 620 g,Voila,Dempster's Whole Wheat Bread Texas Toast 645 g,553g
108,2024-05-03 09:20:00,7.89,NA,NA,$0.02/gram,Voila~Dempster's Whole Wheat Bread Texas Toast 502 g,Voila,Dempster's Whole Wheat Bread Texas Toast 528 g,511g
59,2024-05-04 09:20:00,9.73,8.51,NA,$0.02/gram,Voila~Dempster's Whole Wheat Bread Texas Toast 548 g,Voila,Dempster's Whole Wheat Bread Texas Toast 693 g,505g
342,2024-05-05 09:20:00,9.1,NA,NA,$0.01/gram,Voila~Dempster's Whole Wheat Bread Texas Toast 525 g,Voila,Dempster's Whole Wheat Bread Texas Toast 579 g,514g
130,2024-05-06 09:20:00,4.91,5.91,NA,$0.02/gram,Voila~Dempster's Whole Wheat Bread Texas Toast 663 g,Voila,Dempster's Whole Wheat Bread Texas Toast 585 g,681g
37,2024-05-07 09:20:00,9.04,NA,NA,$0.05/gram,Voila~Dempster's Whole Wheat Bread Texas Toast 680 g,Voila,Dempster's Whole Wheat Bread Texas Toast 647 g,652g
389,2024-05-08 09:20:00,8.81,6.76,NA,$0.02/gram,Voila~Dempster's Whole Wheat Bread Texas Toast 667 g,Voila,Dempster's Whole Wheat Bread Texas Toast 541 g,678g
191,2024-05-09 09:20:00,8.4,7.49,NA,$0.02/gram,Voila~Dempster's Whole Wheat Bread Texas Toast 519 g,Voila,Dempster's Whole Wheat Bread Texas Toast 659 g,530g
229,2024-05-10 09:20:00,6.6,8.18,NA,$0.04/gram,Voila~Dempster's Whole Wheat Bread Texas Toast 646 g,Voila,Dempster's Whole Wheat Bread Texas Toast 690 g,534g
423,2024-05-11 09:20:00,4.96,NA,NA,$0.01/gram,Voila~Dempster's Whole Wheat Bread Texas Toast 556 g,Voila,Dempster's Whole Wheat Bread Texas Toast 690 g,538g
480,2024-05-12 09:20:00,9.33,4.52,NA,$0.03/gram,Voila~Dempster's Whole Wheat Bread Texas Toast 508 g,Voila,Dempster's Whole Wheat Bread Texas Toast 573 g,573g
62,2024-05-13 09:20:00,5.27,5.87,NA,$0.05/gram,Voila~Dempster's Whole Wheat Bread Texas Toast 601 g,Voila,Dempster's Whole Wheat Bread Texas Toast 525 g,578g
97,2024-05-14 09:20:00,6.94,4.53,NA,$0.04/gram,Voila~Dempster's Whole Wheat Bread Texas Toast 523 g,Voila,Dempster's Whole Wheat Bread Texas Toast 513 g,618g
346,2024-05-15 09:20:00,6.44,NA,NA,$0.05/gram,Voila~Dempster's Whole Wheat Bread Texas Toast 667 g,Voila,Dempster's Whole Wheat Bread Texas Toast 574 g,562g
420,2024-05-16 09:20:00,4.86,NA,NA,$0.05/gram,Voila~Dempster's Whole Wheat Bread Texas Toast 597 g,Voila,Dempster's Whole Wheat Bread Texas Toast 649 g,620g
287,2024-05-17 09:20:00,6.92,NA,NA,$0.05/gram,Voila~Dempster's Whole Wheat Bread Texas Toast 517 g,Voila,Dempster's Whole Wheat Bread Texas Toast 672 g,671g
260,2024-05-18 09:20:00,6.45,5.13,NA,$0.03/gram,Voila~Dempster's Whole Wheat Bread Texas Toast 636 g,Voila,Dempster's Whole Wheat Bread Texas Toast 526 g,589g
271,2024-05-19 09:20:00,4.59,5.46,NA,$0.01/gram,Voila~Dempster's Whole Wheat Bread Texas Toast 618 g,Voila,Dempster's Whole Wheat Bread Texas Toast 688 g,567g
344,2024-05-20 09:20:00,5.45,6.41,NA,$0.04/gram,Voila~Dempster's Whole Wheat Bread Texas Toast 617 g,Voila,Dempster's Whole Wheat Bread Texas Toast 686 g,539g
365,2024-05-21 09:20:00,5.01,9.39,NA,$0.04/gram,Voila~Dempster's Whole Wheat Bread Texas Toast 561 g,Voila,Dempster's Whole Wheat Bread Texas Toast 586 g,643g
131,2024-05-22 09:20:00,9.04,9.97,NA,$0.02/gram,Voila~Dempster's Whole Wheat Bread Texas Toast 561 g,Voila,Dempster's Whole Wheat Bread Texas Toast 517 g,510g
75,2024-05-23 09:20:00,8.86,NA,NA,$0.01/gram,Voila~Dempster's Whole Wheat Bread Texas Toast 641 g,Voila,Dempster's Whole Wheat Bread Texas Toast 639 g,526g
404,2024-05-24 09:20:00,7.11,NA,NA,$0.03/gram,Voila~Dempster's Whole Wheat Bread Texas Toast 559 g,Voila,Dempster's Whole Wheat Bread Texas Toast 519 g,628g
320,2024-05-25 09:20:00,7.28,5.28,NA,$0.05/gram,Voila~Dempster's Whole Wheat Bread Texas Toast 593 g,Voila,Dempster's Whole Wheat Bread Texas Toast 546 g,651g
408,2024-05-26 09:20:00,6.47,NA,NA,$0.05/gram,Voila~Dempster's Whole Wheat Bread Texas Toast 682 g,Voila,Dempster's Whole Wheat Bread Texas Toast 582 g,512g
229,2024-05-27 09:20:00,4.61,NA,NA,$0.03/gram,Voila~Dempster's Whole Wheat Bread Texas Toast 542 g,Voila,Dempster's Whole Wheat Bread Texas Toast 696 g,612g
333,2024-05-28 09:20:00,7.07,NA,NA,$0.01/gram,Voila~Dempster's Whole Wheat Bread Texas Toast 611 g,Voila,Dempster's Whole Wheat Bread Texas Toast 539 g,656g
252,2024-05-29 09:20:00,9.02,NA,NA,$0.03/gram,Voila~Dempster's Whole Wheat Bread Texas Toast 552 g,Voila,Dempster's Whole Wheat Bread Texas Toast 535 g,511g
207,2024-05-30 09:20:00,6.97,NA,NA,$0.02/gram,Voila~Dempster's Whole Wheat Bread Texas Toast 645 g,Voila,Dempster's Whole Wheat Bread Texas Toast 558 g,654g
163,2024-05-31 09:20:00,7.15,NA,NA,$0.02/gram,Voila~Dempster's Whole Wheat Bread Texas Toast 672 g,Voila,Dempster's Whole Wheat Bread Texas Toast 625 g,681g
500,2024-06-01 09:20:00,6.75,NA,NA,$0.03/gram,Voila~Dempster's Whole Wheat Bread Texas Toast 550 g,Voila,Dempster's Whole Wheat Bread Texas Toast 636 g,624g
107,2024-06-02 09:20:00,6.6,NA,NA,$0.02/gram,Voila~Dempster's Whole Wheat Bread Texas Toast 500 g,Voila,Dempster's Whole Wheat Bread Texas Toast 581 g,678g
291,2024-06-03 09:20:00,8.01,NA,NA,$0.04/gram,Voila~Dempster's Whole Wheat Bread Texas Toast 624 g,Voila,Dempster's Whole Wheat Bread Texas Toast 653 g,628g
247,2024-06-04 09:20:00,5.16,7.49,NA,$0.04/gram,Voila~Dempster's Whole Wheat Bread Texas Toast 586 g,Voila,Dempster's Whole Wheat Bread Texas Toast 552 g,643g
497,2024-06-05 09:20:00,5.24,7.94,NA,$0.02/gram,Voila~Dempster's Whole Wheat Bread Texas Toast 566 g,Voila,Dempster's Whole Wheat Bread Texas Toast 531 g,573g
322,2024-06-06 09:20:00,6.63,4.2,NA,$0.02/gram,Voila~Dempster's Whole Wheat Bread Texas Toast 553 g,Voila,Dempster's Whole Wheat Bread Texas Toast 572 g,528g
148,2024-06-07 09:20:00,8.39,NA,NA,$0.04/gram,Voila~Dempster's Whole Wheat Bread Texas Toast 567 g,Voila,Dempster's Whole Wheat Bread Texas Toast 658 g,654g
197,2024-06-08 09:20:00,8.02,6.62,NA,$0.03/gram,Voila~Dempster's Whole Wheat Bread Texas Toast 688 g,Voila,Dempster's Whole Wheat Bread Texas Toast 508 g,604g
113,2024-06-09 09:20:00,9.43,9.22,NA,$0.01/gram,Voila~Dempster's Whole Wheat Bread Texas Toast 512 g,Voila,Dempster's Whole Wheat Bread Texas Toast 607 g,603g
338,2024-06-10 09:20:00,8.09,NA,NA,$0.04/gram,Voila~Dempster's Whole Wheat Bread Texas Toast 655 g,Voila,Dempster's Whole Wheat Bread Texas Toast 670 g,660g
162,2024-06-11 09:20:00,8.14,9.24,NA,$0.05/gram,Voila~Dempster's Whole Wheat Bread Texas Toast 621 g,Voila,Dempster's Whole Wheat Bread Texas Toast 554 g,680g
304,2024-06-12 09:20:00,8.75,9.71,NA,$0.04/gram,Voila~Dempster's Whole Wheat Bread Texas Toast 522 g,Voila,Dempster's Whole Wheat Bread Texas Toast 522 g,673g
391,2024-06-13 09:20:00,7.71,NA,NA,$0.05/gram,Voila~Dempster's Whole Wheat Bread Texas Toast 646 g,Voila,Dempster's Whole Wheat Bread Texas Toast 519 g,536g
49,2024-06-14 09:20:00,9.12,NA,NA,$0.03/gram,Voila~Dempster's Whole Wheat Bread Texas Toast 545 g,Voila,Dempster's Whole Wheat Bread Texas Toast 652 g,556g
89,2024-06-15 09:20:00,9.5,NA,NA,$0.02/gram,Voila~Dempster's Whole Wheat Bread Texas Toast 621 g,Voila,Dempster's Whole Wheat Bread Texas Toast 642 g,577g
268,2024-06-16 09:20:00,6.12,NA,NA,$0.02/gram,Voila~Dempster's Whole Wheat Bread Texas Toast 565 g,Voila,Dempster's Whole Wheat Bread Texas Toast 614 g,671g
80,2024-06-17 09:20:00,5.05,NA,NA,$0.02/gram,Voila~Dempster's Whole Wheat Bread Texas Toast 534 g,Voila,Dempster's Whole Wheat Bread Texas Toast 626 g,582g
57,2024-06-18 09:20:00,6.79,NA,NA,$0.05/gram,Voila~Dempster's Whole Wheat Bread Texas Toast 649 g,Voila,Dempster's Whole Wheat Bread Texas Toast 592 g,606g
190,2024-06-19 09:20:00,6.49,9.63,NA,$0.05/gram,Voila~Dempster's Whole Wheat Bread Texas Toast 519 g,Voila,Dempster's Whole Wheat Bread Texas Toast 569 g,531g
451,2024-06-20 09:20:00,6.96,NA,NA,$0.04/gram,Voila~Dempster's Whole Wheat Bread Texas Toast 625 g,Voila,Dempster's Whole Wheat Bread Texas Toast 513 g,512g
312,2024-06-21 09:20:00,9.47,5.97,NA,$0.02/gram,Voila~Dempster's Whole Wheat Bread Texas Toast 551 g,Voila,Dempster's Whole Wheat Bread Texas Toast 584 g,588g
86,2024-06-22 09:20:00,6.18,8.08,NA,$0.04/gram,Voila~Dempster's Whole Wheat Bread Texas Toast 585 g,Voila,Dempster's Whole Wheat Bread Texas Toast 620 g,580g
165,2024-06-23 09:20:00,8.94,NA,NA,$0.04/gram,Voila~Dempster's Whole Wheat Bread Texas Toast 626 g,Voila,Dempster's Whole Wheat Bread Texas Toast 595 g,516g
221,2024-06-24 09:20:00,5.94,NA,NA,$0.04/gram,Voila~Dempster's Whole Wheat Bread Texas Toast 656 g,Voila,Dempster's Whole Wheat Bread Texas Toast 643 g,636g
59,2024-06-25 09:20:00,8,NA,NA,$0.03/gram,Voila~Dempster's Whole Wheat Bread Texas Toast 517 g,Voila,Dempster's Whole Wheat Bread Texas Toast 629 g,577g
342,2024-06-26 09:20:00,6.53,6.32,NA,$0.05/gram,Voila~Dempster's Whole Wheat Bread Texas Toast 589 g,Voila,Dempster's Whole Wheat Bread Texas Toast 540 g,675g
375,2024-06-27 09:20:00,7.71,NA,NA,$0.04/gram,Voila~Dempster's Whole Wheat Bread Texas Toast 700 g,Voila,Dempster's Whole Wheat Bread Texas Toast 616 g,658g
110,2024-06-28 09:20:00,5.72,NA,NA,$0.02/gram,Voila~Dempster's Whole Wheat Bread Texas Toast 638 g,Voila,Dempster's Whole Wheat Bread Texas Toast 532 g,557g
201,2024-06-29 09:20:00,7.27,NA,NA,$0.03/gram,Voila~Dempster's Whole Wheat Bread Texas Toast 564 g,Voila,Dempster's Whole Wheat Bread Texas Toast 691 g,670g
203,2024-06-30 09:20:00,6.46,NA,NA,$0.04/gram,Voila~Dempster's Whole Wheat Bread Texas Toast 528 g,Voila,Dempster's Whole Wheat Bread Texas Toast 654 g,586g
371,2024-07-01 09:20:00,8.89,NA,NA,$0.01/gram,Voila~Dempster's Whole Wheat Bread Texas Toast 604 g,Voila,Dempster's Whole Wheat Bread Texas Toast 529 g,686g
59,2024-07-02 09:20:00,5.79,NA,NA,$0.03/gram,Voila~Dempster's Whole Wheat Bread Texas Toast 659 g,Voila,Dempster's Whole Wheat Bread Texas Toast 666 g,569g
61,2024-07-03 09:20:00,4.49,NA,NA,$0.01/gram,Voila~Dempster's Whole Wheat Bread Texas Toast 638 g,Voila,Dempster's Whole Wheat Bread Texas Toast 553 g,601g
60,2024-07-04 09:20:00,9.44,8.28,NA,$0.04/gram,Voila~Dempster's Whole Wheat Bread Texas Toast 687 g,Voila,Dempster's Whole Wheat Bread Texas Toast 695 g,522g
360,2024-07-05 09:20:00,7.04,NA,NA,$0.02/gram,Voila~Dempster's Whole Wheat Bread Texas Toast 587 g,Voila,Dempster's Whole Wheat Bread Texas Toast 622 g,652g
369,2024-07-06 09:20:00,4.13,6.8,NA,$0.02/gram,Voila~Dempster's Whole Wheat Bread Texas Toast 654 g,Voila,Dempster's Whole Wheat Bread Texas Toast 598 g,520g
227,2024-07-07 09:20:00,7.21,NA,NA,$0.03/gram,Voila~Dempster's Whole Wheat Bread Texas Toast 614 g,Voila,Dempster's Whole Wheat Bread Texas Toast 636 g,545g
128,2024-07-08 09:20:00,8.68,5.87,NA,$0.02/gram,Voila~Dempster's Whole Wheat Bread Texas Toast 569 g,Voila,Dempster's Whole Wheat Bread Texas Toast 570 g,622g
34,2024-07-09 09:20:00,9.6,NA,NA,$0.03/gram,Voila~Dempster's Whole Wheat Bread Texas Toast 556 g,Voila,Dempster's Whole Wheat Bread Texas Toast 683 g,587g
14,2024-07-10 09:20:00,4.19,7.56,NA,$0.03/gram,Voila~Dempster's Whole Wheat Bread Texas Toast 601 g,Voila,Dempster's Whole Wheat Bread Texas Toast 522 g,558g
497,2024-07-11 09:20:00,5.72,5.29,NA,$0.03/gram,Voila~Dempster's Whole Wheat Bread Texas Toast 682 g,Voila,Dempster's Whole Wheat Bread Texas Toast 609 g,690g
471,2024-07-12 09:20:00,9.22,NA,NA,$0.02/gram,Voila~Dempster's Whole Wheat Bread Texas Toast 645 g,Voila,Dempster's Whole Wheat Bread Texas Toast 569 g,578g
241,2024-07-13 09:20:00,4.78,6.18,NA,$0.05/gram,Voila~Dempster's Whole Wheat Bread Texas Toast 585 g,Voila,Dempster's Whole Wheat Bread Texas Toast 697 g,697g
310,2024-07-14 09:20:00,7.48,8.19,NA,$0.02/gram,Voila~Dempster's Whole Wheat Bread Texas Toast 661 g,Voila,Dempster's Whole Wheat Bread Texas Toast 637 g,683g
335,2024-07-15 09:20:00,8.27,NA,NA,$0.04/gram,Voila~Dempster's Whole Wheat Bread Texas Toast 629 g,Voila,Dempster's Whole Wheat Bread Texas Toast 536 g,580g
314,2024-07-16 09:20:00,8.52,6.8,NA,$0.02/gram,Voila~Dempster's Whole Wheat Bread Texas Toast 622 g,Voila,Dempster's Whole Wheat Bread Texas Toast 523 g,589g
272,2024-07-17 09:20:00,5.47,NA,NA,$0.02/gram,Voila~Dempster's Whole Wheat Bread Texas Toast 694 g,Voila,Dempster's Whole Wheat Bread Texas Toast 584 g,576g
113,2024-07-18 09:20:00,7.95,NA,NA,$0.03/gram,Voila~Dempster's Whole Wheat Bread Texas Toast 535 g,Voila,Dempster's Whole Wheat Bread Texas Toast 552 g,691g
405,2024-07-19 09:20:00,9.37,NA,NA,$0.04/gram,Voila~Dempster's Whole Wheat Bread Texas Toast 641 g,Voila,Dempster's Whole Wheat Bread Texas Toast 681 g,542g
385,2024-07-20 09:20:00,7.49,8.93,NA,$0.03/gram,Voila~Dempster's Whole Wheat Bread Texas Toast 571 g,Voila,Dempster's Whole Wheat Bread Texas Toast 643 g,643g
270,2024-07-21 09:20:00,9.87,NA,NA,$0.02/gram,Voila~Dempster's Whole Wheat Bread Texas Toast 538 g,Voila,Dempster's Whole Wheat Bread Texas Toast 578 g,509g
123,2024-07-22 09:20:00,4.96,8.78,NA,$0.04/gram,Voila~Dempster's Whole Wheat Bread Texas Toast 689 g,Voila,Dempster's Whole Wheat Bread Texas Toast 541 g,577g
290,2024-07-23 09:20:00,9.49,NA,NA,$0.04/gram,Voila~Dempster's Whole Wheat Bread Texas Toast 571 g,Voila,Dempster's Whole Wheat Bread Texas Toast 660 g,586g
241,2024-07-24 09:20:00,8.44,NA,NA,$0.04/gram,Voila~Dempster's Whole Wheat Bread Texas Toast 572 g,Voila,Dempster's Whole Wheat Bread Texas Toast 615 g,619g
145,2024-07-25 09:20:00,8.23,7.96,NA,$0.02/gram,Voila~Dempster's Whole Wheat Bread Texas Toast 628 g,Voila,Dempster's Whole Wheat Bread Texas Toast 677 g,554g
281,2024-07-26 09:20:00,4.63,4.82,NA,$0.02/gram,Voila~Dempster's Whole Wheat Bread Texas Toast 558 g,Voila,Dempster's Whole Wheat Bread Texas Toast 515 g,597g
64,2024-07-27 09:20:00,8.54,NA,NA,$0.02/gram,Voila~Dempster's Whole Wheat Bread Texas Toast 591 g,Voila,Dempster's Whole Wheat Bread Texas Toast 696 g,504g
68,2024-07-28 09:20:00,5.14,8.46,NA,$0.05/gram,Voila~Dempster's Whole Wheat Bread Texas Toast 561 g,Voila,Dempster's Whole Wheat Bread Texas Toast 520 g,623g
8,2024-07-29 09:20:00,6.85,NA,NA,$0.02/gram,Voila~Dempster's Whole Wheat Bread Texas Toast 568 g,Voila,Dempster's Whole Wheat Bread Texas Toast 533 g,695g
202,2024-07-30 09:20:00,5.37,NA,NA,$0.04/gram,Voila~Dempster's Whole Wheat Bread Texas Toast 586 g,Voila,Dempster's Whole Wheat Bread Texas Toast 581 g,608g
492,2024-07-31 09:20:00,9.82,NA,NA,$0.04/gram,Voila~Dempster's Whole Wheat Bread Texas Toast 582 g,Voila,Dempster's Whole Wheat Bread Texas Toast 596 g,674g
196,2024-08-01 09:20:00,4.22,7.76,NA,$0.03/gram,Voila~Dempster's Whole Wheat Bread Texas Toast 572 g,Voila,Dempster's Whole Wheat Bread Texas Toast 577 g,657g
309,2024-08-02 09:20:00,6.05,NA,NA,$0.04/gram,Voila~Dempster's Whole Wheat Bread Texas Toast 616 g,Voila,Dempster's Whole Wheat Bread Texas Toast 648 g,507g
183,2024-08-03 09:20:00,5.99,NA,NA,$0.01/gram,Voila~Dempster's Whole Wheat Bread Texas Toast 660 g,Voila,Dempster's Whole Wheat Bread Texas Toast 600 g,658g
292,2024-08-04 09:20:00,5.73,5.78,NA,$0.02/gram,Voila~Dempster's Whole Wheat Bread Texas Toast 567 g,Voila,Dempster's Whole Wheat Bread Texas Toast 667 g,643g
28,2024-08-05 09:20:00,6.05,8.78,NA,$0.03/gram,Voila~Dempster's Whole Wheat Bread Texas Toast 527 g,Voila,Dempster's Whole Wheat Bread Texas Toast 638 g,622g
307,2024-08-06 09:20:00,6.2,4.81,NA,$0.05/gram,Voila~Dempster's Whole Wheat Bread Texas Toast 513 g,Voila,Dempster's Whole Wheat Bread Texas Toast 559 g,608g
441,2024-08-07 09:20:00,4.29,8.34,NA,$0.02/gram,Voila~Dempster's Whole Wheat Bread Texas Toast 532 g,Voila,Dempster's Whole Wheat Bread Texas Toast 664 g,541g
495,2024-08-08 09:20:00,6.69,NA,NA,$0.05/gram,Voila~Dempster's Whole Wheat Bread Texas Toast 653 g,Voila,Dempster's Whole Wheat Bread Texas Toast 510 g,630g
423,2024-08-09 09:20:00,6.05,7.02,NA,$0.04/gram,Voila~Dempster's Whole Wheat Bread Texas Toast 639 g,Voila,Dempster's Whole Wheat Bread Texas Toast 522 g,672g
24,2024-08-10 09:20:00,7.28,9.91,NA,$0.03/gram,Voila~Dempster's Whole Wheat Bread Texas Toast 636 g,Voila,Dempster's Whole Wheat Bread Texas Toast 622 g,506g
474,2024-08-11 09:20:00,8.81,NA,NA,$0.02/gram,Voila~Dempster's Whole Wheat Bread Texas Toast 627 g,Voila,Dempster's Whole Wheat Bread Texas Toast 682 g,638g
415,2024-08-12 09:20:00,6.91,6.26,NA,$0.03/gram,Voila~Dempster's Whole Wheat Bread Texas Toast 605 g,Voila,Dempster's Whole Wheat Bread Texas Toast 667 g,695g
144,2024-08-13 09:20:00,4.36,NA,NA,$0.05/gram,Voila~Dempster's Whole Wheat Bread Texas Toast 537 g,Voila,Dempster's Whole Wheat Bread Texas Toast 613 g,554g
47,2024-08-14 09:20:00,4.01,NA,NA,$0.04/gram,Voila~Dempster's Whole Wheat Bread Texas Toast 631 g,Voila,Dempster's Whole Wheat Bread Texas Toast 652 g,558g
192,2024-08-15 09:20:00,4.79,8.81,NA,$0.05/gram,Voila~Dempster's Whole Wheat Bread Texas Toast 552 g,Voila,Dempster's Whole Wheat Bread Texas Toast 650 g,568g
415,2024-08-16 09:20:00,4.62,8.39,NA,$0.05/gram,Voila~Dempster's Whole Wheat Bread Texas Toast 550 g,Voila,Dempster's Whole Wheat Bread Texas Toast 634 g,618g
375,2024-08-17 09:20:00,5.12,NA,NA,$0.02/gram,Voila~Dempster's Whole Wheat Bread Texas Toast 694 g,Voila,Dempster's Whole Wheat Bread Texas Toast 663 g,595g
110,2024-08-18 09:20:00,9.44,NA,NA,$0.01/gram,Voila~Dempster's Whole Wheat Bread Texas Toast 502 g,Voila,Dempster's Whole Wheat Bread Texas Toast 639 g,554g
27,2024-08-19 09:20:00,6.25,7.45,NA,$0.01/gram,Voila~Dempster's Whole Wheat Bread Texas Toast 668 g,Voila,Dempster's Whole Wheat Bread Texas Toast 541 g,640g
15,2024-08-20 09:20:00,7.84,NA,NA,$0.05/gram,Voila~Dempster's Whole Wheat Bread Texas Toast 573 g,Voila,Dempster's Whole Wheat Bread Texas Toast 575 g,633g
248,2024-08-21 09:20:00,7.61,8.91,NA,$0.02/gram,Voila~Dempster's Whole Wheat Bread Texas Toast 606 g,Voila,Dempster's Whole Wheat Bread Texas Toast 693 g,579g
450,2024-08-22 09:20:00,8.35,NA,NA,$0.04/gram,Voila~Dempster's Whole Wheat Bread Texas Toast 681 g,Voila,Dempster's Whole Wheat Bread Texas Toast 563 g,536g
318,2024-08-23 09:20:00,4.31,NA,NA,$0.04/gram,Voila~Dempster's Whole Wheat Bread Texas Toast 558 g,Voila,Dempster's Whole Wheat Bread Texas Toast 601 g,700g
138,2024-08-24 09:20:00,4.51,NA,NA,$0.04/gram,Voila~Dempster's Whole Wheat Bread Texas Toast 509 g,Voila,Dempster's Whole Wheat Bread Texas Toast 586 g,602g
189,2024-08-25 09:20:00,7.58,5.24,NA,$0.04/gram,Voila~Dempster's Whole Wheat Bread Texas Toast 507 g,Voila,Dempster's Whole Wheat Bread Texas Toast 509 g,534g
101,2024-08-26 09:20:00,6.93,NA,NA,$0.03/gram,Voila~Dempster's Whole Wheat Bread Texas Toast 570 g,Voila,Dempster's Whole Wheat Bread Texas Toast 516 g,655g
242,2024-08-27 09:20:00,5.07,8.33,NA,$0.04/gram,Voila~Dempster's Whole Wheat Bread Texas Toast 552 g,Voila,Dempster's Whole Wheat Bread Texas Toast 638 g,603g
57,2024-08-28 09:20:00,4.39,8.66,NA,$0.02/gram,Voila~Dempster's Whole Wheat Bread Texas Toast 613 g,Voila,Dempster's Whole Wheat Bread Texas Toast 513 g,602g
383,2024-08-29 09:20:00,9.71,7.23,NA,$0.02/gram,Voila~Dempster's Whole Wheat Bread Texas Toast 651 g,Voila,Dempster's Whole Wheat Bread Texas Toast 626 g,681g
247,2024-08-30 09:20:00,8.41,NA,NA,$0.04/gram,Voila~Dempster's Whole Wheat Bread Texas Toast 578 g,Voila,Dempster's Whole Wheat Bread Texas Toast 621 g,601g
187,2024-08-31 09:20:00,9.05,9.85,NA,$0.02/gram,Voila~Dempster's Whole Wheat Bread Texas Toast 526 g,Voila,Dempster's Whole Wheat Bread Texas Toast 522 g,660g
90,2024-09-01 09:20:00,9.65,4.09,NA,$0.04/gram,Voila~Dempster's Whole Wheat Bread Texas Toast 544 g,Voila,Dempster's Whole Wheat Bread Texas Toast 646 g,698g
102,2024-09-02 09:20:00,5.07,7.93,NA,$0.01/gram,Voila~Dempster's Whole Wheat Bread Texas Toast 652 g,Voila,Dempster's Whole Wheat Bread Texas Toast 602 g,637g
470,2024-09-03 09:20:00,6.72,5.89,NA,$0.04/gram,Voila~Dempster's Whole Wheat Bread Texas Toast 661 g,Voila,Dempster's Whole Wheat Bread Texas Toast 675 g,613g
267,2024-09-04 09:20:00,4,NA,NA,$0.04/gram,Voila~Dempster's Whole Wheat Bread Texas Toast 591 g,Voila,Dempster's Whole Wheat Bread Texas Toast 613 g,567g
448,2024-09-05 09:20:00,4.31,9.95,NA,$0.05/gram,Voila~Dempster's Whole Wheat Bread Texas Toast 556 g,Voila,Dempster's Whole Wheat Bread Texas Toast 645 g,645g
181,2024-09-06 09:20:00,8.76,NA,NA,$0.03/gram,Voila~Dempster's Whole Wheat Bread Texas Toast 551 g,Voila,Dempster's Whole Wheat Bread Texas Toast 621 g,593g
354,2024-09-07 09:20:00,9.52,9.13,NA,$0.02/gram,Voila~Dempster's Whole Wheat Bread Texas Toast 549 g,Voila,Dempster's Whole Wheat Bread Texas Toast 574 g,584g
261,2024-09-08 09:20:00,6.58,7.74,NA,$0.03/gram,Voila~Dempster's Whole Wheat Bread Texas Toast 507 g,Voila,Dempster's Whole Wheat Bread Texas Toast 677 g,501g
227,2024-09-09 09:20:00,4.52,6.62,NA,$0.03/gram,Voila~Dempster's Whole Wheat Bread Texas Toast 653 g,Voila,Dempster's Whole Wheat Bread Texas Toast 549 g,658g
458,2024-09-10 09:20:00,9.13,NA,NA,$0.04/gram,Voila~Dempster's Whole Wheat Bread Texas Toast 503 g,Voila,Dempster's Whole Wheat Bread Texas Toast 551 g,518g
176,2024-09-11 09:20:00,7.24,9.54,NA,$0.02/gram,Voila~Dempster's Whole Wheat Bread Texas Toast 664 g,Voila,Dempster's Whole Wheat Bread Texas Toast 695 g,557g
358,2024-09-12 09:20:00,8.82,NA,NA,$0.02/gram,Voila~Dempster's Whole Wheat Bread Texas Toast 543 g,Voila,Dempster's Whole Wheat Bread Texas Toast 658 g,607g
223,2024-09-13 09:20:00,5.15,9.8,NA,$0.02/gram,Voila~Dempster's Whole Wheat Bread Texas Toast 531 g,Voila,Dempster's Whole Wheat Bread Texas Toast 605 g,514g
30,2024-09-14 09:20:00,5.06,NA,NA,$0.04/gram,Voila~Dempster's Whole Wheat Bread Texas Toast 606 g,Voila,Dempster's Whole Wheat Bread Texas Toast 572 g,507g
35,2024-09-15 09:20:00,7.53,8.91,NA,$0.03/gram,Voila~Dempster's Whole Wheat Bread Texas Toast 651 g,Voila,Dempster's Whole Wheat Bread Texas Toast 554 g,539g
108,2024-09-16 09:20:00,9.1,5.28,NA,$0.01/gram,Voila~Dempster's Whole Wheat Bread Texas Toast 605 g,Voila,Dempster's Whole Wheat Bread Texas Toast 554 g,604g
207,2024-09-17 09:20:00,8.94,9.08,NA,$0.04/gram,Voila~Dempster's Whole Wheat Bread Texas Toast 564 g,Voila,Dempster's Whole Wheat Bread Texas Toast 595 g,639g
344,2024-09-18 09:20:00,9.24,NA,NA,$0.02/gram,Voila~Dempster's Whole Wheat Bread Texas Toast 602 g,Voila,Dempster's Whole Wheat Bread Texas Toast 600 g,616g
325,2024-09-19 09:20:00,8.96,NA,NA,$0.04/gram,Voila~Dempster's Whole Wheat Bread Texas Toast 559 g,Voila,Dempster's Whole Wheat Bread Texas Toast 603 g,649g
290,2024-09-20 09:20:00,4.33,NA,NA,$0.04/gram,Voila~Dempster's Whole Wheat Bread Texas Toast 588 g,Voila,Dempster's Whole Wheat Bread Texas Toast 505 g,683g
285,2024-09-21 09:20:00,6.08,NA,NA,$0.03/gram,Voila~Dempster's Whole Wheat Bread Texas Toast 576 g,Voila,Dempster's Whole Wheat Bread Texas Toast 643 g,646g
11,2024-09-22 09:20:00,9.86,5.28,NA,$0.02/gram,Voila~Dempster's Whole Wheat Bread Texas Toast 580 g,Voila,Dempster's Whole Wheat Bread Texas Toast 532 g,659g
25,2024-09-23 09:20:00,7.1,9.28,NA,$0.02/gram,Voila~Dempster's Whole Wheat Bread Texas Toast 622 g,Voila,Dempster's Whole Wheat Bread Texas Toast 545 g,529g
288,2024-09-24 09:20:00,4.3,8.05,NA,$0.03/gram,Voila~Dempster's Whole Wheat Bread Texas Toast 502 g,Voila,Dempster's Whole Wheat Bread Texas Toast 638 g,656g
300,2024-09-25 09:20:00,8.49,NA,NA,$0.01/gram,Voila~Dempster's Whole Wheat Bread Texas Toast 547 g,Voila,Dempster's Whole Wheat Bread Texas Toast 688 g,690g
263,2024-09-26 09:20:00,6.44,NA,NA,$0.05/gram,Voila~Dempster's Whole Wheat Bread Texas Toast 698 g,Voila,Dempster's Whole Wheat Bread Texas Toast 586 g,684g
277,2024-09-27 09:20:00,4.01,8.19,NA,$0.04/gram,Voila~Dempster's Whole Wheat Bread Texas Toast 621 g,Voila,Dempster's Whole Wheat Bread Texas Toast 660 g,694g
374,2024-09-28 09:20:00,6.13,NA,NA,$0.01/gram,Voila~Dempster's Whole Wheat Bread Texas Toast 697 g,Voila,Dempster's Whole Wheat Bread Texas Toast 640 g,673g
143,2024-09-29 09:20:00,5.21,NA,NA,$0.04/gram,Voila~Dempster's Whole Wheat Bread Texas Toast 700 g,Voila,Dempster's Whole Wheat Bread Texas Toast 538 g,605g
499,2024-09-30 09:20:00,5.73,NA,NA,$0.01/gram,Voila~Dempster's Whole Wheat Bread Texas Toast 598 g,Voila,Dempster's Whole Wheat Bread Texas Toast 657 g,591g
14,2024-10-01 09:20:00,6.96,8.59,NA,$0.01/gram,Voila~Dempster's Whole Wheat Bread Texas Toast 554 g,Voila,Dempster's Whole Wheat Bread Texas Toast 697 g,647g
253,2024-10-02 09:20:00,8.35,7.37,NA,$0.01/gram,Voila~Dempster's Whole Wheat Bread Texas Toast 550 g,Voila,Dempster's Whole Wheat Bread Texas Toast 559 g,593g
454,2024-10-03 09:20:00,5.88,NA,NA,$0.04/gram,Voila~Dempster's Whole Wheat Bread Texas Toast 685 g,Voila,Dempster's Whole Wheat Bread Texas Toast 549 g,543g
264,2024-10-04 09:20:00,4.45,6.52,NA,$0.04/gram,Voila~Dempster's Whole Wheat Bread Texas Toast 517 g,Voila,Dempster's Whole Wheat Bread Texas Toast 658 g,675g
238,2024-10-05 09:20:00,9.79,8.16,NA,$0.03/gram,Voila~Dempster's Whole Wheat Bread Texas Toast 688 g,Voila,Dempster's Whole Wheat Bread Texas Toast 624 g,686g
226,2024-10-06 09:20:00,7.66,8.74,NA,$0.04/gram,Voila~Dempster's Whole Wheat Bread Texas Toast 552 g,Voila,Dempster's Whole Wheat Bread Texas Toast 659 g,553g
149,2024-10-07 09:20:00,9.94,NA,NA,$0.04/gram,Voila~Dempster's Whole Wheat Bread Texas Toast 549 g,Voila,Dempster's Whole Wheat Bread Texas Toast 547 g,526g
475,2024-10-08 09:20:00,5.43,NA,NA,$0.02/gram,Voila~Dempster's Whole Wheat Bread Texas Toast 581 g,Voila,Dempster's Whole Wheat Bread Texas Toast 650 g,577g
141,2024-10-09 09:20:00,9.45,NA,NA,$0.03/gram,Voila~Dempster's Whole Wheat Bread Texas Toast 651 g,Voila,Dempster's Whole Wheat Bread Texas Toast 677 g,658g
332,2024-10-10 09:20:00,8.49,5.7,NA,$0.04/gram,Voila~Dempster's Whole Wheat Bread Texas Toast 587 g,Voila,Dempster's Whole Wheat Bread Texas Toast 577 g,640g
364,2024-10-11 09:20:00,4.67,8.71,NA,$0.04/gram,Voila~Dempster's Whole Wheat Bread Texas Toast 638 g,Voila,Dempster's Whole Wheat Bread Texas Toast 628 g,665g
435,2024-10-12 09:20:00,4.52,NA,NA,$0.04/gram,Voila~Dempster's Whole Wheat Bread Texas Toast 510 g,Voila,Dempster's Whole Wheat Bread Texas Toast 652 g,515g
257,2024-10-13 09:20:00,5.53,6.47,NA,$0.04/gram,Voila~Dempster's Whole Wheat Bread Texas Toast 548 g,Voila,Dempster's Whole Wheat Bread Texas Toast 513 g,553g
326,2024-10-14 09:20:00,5.58,NA,NA,$0.02/gram,Voila~Dempster's Whole Wheat Bread Texas Toast 537 g,Voila,Dempster's Whole Wheat Bread Texas Toast 593 g,501g
65,2024-10-15 09:20:00,8.52,6.19,NA,$0.02/gram,Voila~Dempster's Whole Wheat Bread Texas Toast 560 g,Voila,Dempster's Whole Wheat Bread Texas Toast 583 g,626g
92,2024-10-16 09:20:00,7.41,NA,NA,$0.01/gram,Voila~Dempster's Whole Wheat Bread Texas Toast 575 g,Voila,Dempster's Whole Wheat Bread Texas Toast 674 g,673g
455,2024-10-17 09:20:00,5.73,9.66,NA,$0.01/gram,Voila~Dempster's Whole Wheat Bread Texas Toast 568 g,Voila,Dempster's Whole Wheat Bread Texas Toast 666 g,521g
81,2024-10-18 09:20:00,4.72,9.14,NA,$0.03/gram,Voila~Dempster's Whole Wheat Bread Texas Toast 504 g,Voila,Dempster's Whole Wheat Bread Texas Toast 643 g,575g
500,2024-10-19 09:20:00,8.64,5.19,NA,$0.05/gram,Voila~Dempster's Whole Wheat Bread Texas Toast 591 g,Voila,Dempster's Whole Wheat Bread Texas Toast 509 g,546g
298,2024-10-20 09:20:00,7.83,NA,NA,$0.05/gram,Voila~Dempster's Whole Wheat Bread Texas Toast 679 g,Voila,Dempster's Whole Wheat Bread Texas Toast 664 g,528g
109,2024-10-21 09:20:00,8.61,7.26,NA,$0.03/gram,Voila~Dempster's Whole Wheat Bread Texas Toast 510 g,Voila,Dempster's Whole Wheat Bread Texas Toast 625 g,625g
296,2024-10-22 09:20:00,4.65,4.71,NA,$0.04/gram,Voila~Dempster's Whole Wheat Bread Texas Toast 547 g,Voila,Dempster's Whole Wheat Bread Texas Toast 640 g,588g
489,2024-10-23 09:20:00,5.32,6.49,NA,$0.03/gram,Voila~Dempster's Whole Wheat Bread Texas Toast 506 g,Voila,Dempster's Whole Wheat Bread Texas Toast 539 g,567g
410,2024-10-24 09:20:00,4.22,NA,NA,$0.04/gram,Voila~Dempster's Whole Wheat Bread Texas Toast 578 g,Voila,Dempster's Whole Wheat Bread Texas Toast 606 g,501g
218,2024-10-25 09:20:00,4.46,4.06,NA,$0.03/gram,Voila~Dempster's Whole Wheat Bread Texas Toast 650 g,Voila,Dempster's Whole Wheat Bread Texas Toast 659 g,656g
278,2024-10-26 09:20:00,4.99,8.53,NA,$0.01/gram,Voila~Dempster's Whole Wheat Bread Texas Toast 648 g,Voila,Dempster's Whole Wheat Bread Texas Toast 636 g,585g
198,2024-10-27 09:20:00,5.01,7.26,NA,$0.02/gram,Voila~Dempster's Whole Wheat Bread Texas Toast 668 g,Voila,Dempster's Whole Wheat Bread Texas Toast 594 g,503g
53,2024-10-28 09:20:00,6.96,8.78,NA,$0.04/gram,Voila~Dempster's Whole Wheat Bread Texas Toast 585 g,Voila,Dempster's Whole Wheat Bread Texas Toast 639 g,567g
28,2024-10-29 09:20:00,5.41,NA,NA,$0.03/gram,Voila~Dempster's Whole Wheat Bread Texas Toast 667 g,Voila,Dempster's Whole Wheat Bread Texas Toast 688 g,675g
261,2024-10-30 09:20:00,7.81,4.31,NA,$0.02/gram,Voila~Dempster's Whole Wheat Bread Texas Toast 507 g,Voila,Dempster's Whole Wheat Bread Texas Toast 699 g,611g
417,2024-10-31 09:20:00,6.42,5.35,NA,$0.05/gram,Voila~Dempster's Whole Wheat Bread Texas Toast 576 g,Voila,Dempster's Whole Wheat Bread Texas Toast 569 g,503g
223,2024-11-01 09:20:00,4.89,7.66,NA,$0.01/gram,Voila~Dempster's Whole Wheat Bread Texas Toast 587 g,Voila,Dempster's Whole Wheat Bread Texas Toast 523 g,673g
432,2024-11-02 09:20:00,5.76,7.39,NA,$0.01/gram,Voila~Dempster's Whole Wheat Bread Texas Toast 526 g,Voila,Dempster's Whole Wheat Bread Texas Toast 598 g,700g
71,2024-11-03 09:20:00,8.48,NA,NA,$0.04/gram,Voila~Dempster's Whole Wheat Bread Texas Toast 685 g,Voila,Dempster's Whole Wheat Bread Texas Toast 580 g,616g
407,2024-11-04 09:20:00,4.73,NA,NA,$0.03/gram,Voila~Dempster's Whole Wheat Bread Texas Toast 644 g,Voila,Dempster's Whole Wheat Bread Texas Toast 507 g,672g
48,2024-11-05 09:20:00,5.41,NA,NA,$0.03/gram,Voila~Dempster's Whole Wheat Bread Texas Toast 610 g,Voila,Dempster's Whole Wheat Bread Texas Toast 513 g,575g
28,2024-11-06 09:20:00,9.38,5.57,NA,$0.03/gram,Voila~Dempster's Whole Wheat Bread Texas Toast 674 g,Voila,Dempster's Whole Wheat Bread Texas Toast 665 g,555g
321,2024-11-07 09:20:00,8.84,NA,NA,$0.02/gram,Voila~Dempster's Whole Wheat Bread Texas Toast 681 g,Voila,Dempster's Whole Wheat Bread Texas Toast 533 g,648g
244,2024-11-08 09:20:00,4.4,8.13,NA,$0.04/gram,Voila~Dempster's Whole Wheat Bread Texas Toast 560 g,Voila,Dempster's Whole Wheat Bread Texas Toast 611 g,523g
170,2024-11-09 09:20:00,6.74,7.07,NA,$0.05/gram,Voila~Dempster's Whole Wheat Bread Texas Toast 533 g,Voila,Dempster's Whole Wheat Bread Texas Toast 631 g,559g
425,2024-11-10 09:20:00,4.51,8.16,NA,$0.03/gram,Voila~Dempster's Whole Wheat Bread Texas Toast 682 g,Voila,Dempster's Whole Wheat Bread Texas Toast 689 g,692g
222,2024-11-11 09:20:00,5.15,6.31,NA,$0.03/gram,Voila~Dempster's Whole Wheat Bread Texas Toast 656 g,Voila,Dempster's Whole Wheat Bread Texas Toast 610 g,689g
77,2024-11-12 09:20:00,5.27,4.03,NA,$0.05/gram,Voila~Dempster's Whole Wheat Bread Texas Toast 604 g,Voila,Dempster's Whole Wheat Bread Texas Toast 590 g,615g
214,2024-11-13 09:20:00,9.71,NA,NA,$0.04/gram,Voila~Dempster's Whole Wheat Bread Texas Toast 595 g,Voila,Dempster's Whole Wheat Bread Texas Toast 642 g,640g
383,2024-11-14 09:20:00,5.38,8.72,NA,$0.03/gram,Voila~Dempster's Whole Wheat Bread Texas Toast 635 g,Voila,Dempster's Whole Wheat Bread Texas Toast 522 g,515g
309,2024-11-15 09:20:00,7.14,9.77,NA,$0.04/gram,Voila~Dempster's Whole Wheat Bread Texas Toast 699 g,Voila,Dempster's Whole Wheat Bread Texas Toast 511 g,692g
423,2024-11-16 09:20:00,5.32,NA,NA,$0.03/gram,Voila~Dempster's Whole Wheat Bread Texas Toast 696 g,Voila,Dempster's Whole Wheat Bread Texas Toast 643 g,623g
269,2024-11-17 09:20:00,7.92,NA,NA,$0.03/gram,Voila~Dempster's Whole Wheat Bread Texas Toast 580 g,Voila,Dempster's Whole Wheat Bread Texas Toast 637 g,529g
119,2024-11-18 09:20:00,4.54,NA,NA,$0.02/gram,Voila~Dempster's Whole Wheat Bread Texas Toast 529 g,Voila,Dempster's Whole Wheat Bread Texas Toast 507 g,600g
337,2024-11-19 09:20:00,7.71,NA,NA,$0.01/gram,Voila~Dempster's Whole Wheat Bread Texas Toast 595 g,Voila,Dempster's Whole Wheat Bread Texas Toast 570 g,652g
37,2024-11-20 09:20:00,7.8,NA,NA,$0.05/gram,Voila~Dempster's Whole Wheat Bread Texas Toast 518 g,Voila,Dempster's Whole Wheat Bread Texas Toast 650 g,657g
310,2024-11-21 09:20:00,7.73,5.23,NA,$0.02/gram,Voila~Dempster's Whole Wheat Bread Texas Toast 629 g,Voila,Dempster's Whole Wheat Bread Texas Toast 622 g,682g
214,2024-11-22 09:20:00,9.43,8.71,NA,$0.03/gram,Voila~Dempster's Whole Wheat Bread Texas Toast 689 g,Voila,Dempster's Whole Wheat Bread Texas Toast 659 g,594g
254,2024-11-23 09:20:00,9.55,7.23,NA,$0.02/gram,Voila~Dempster's Whole Wheat Bread Texas Toast 627 g,Voila,Dempster's Whole Wheat Bread Texas Toast 500 g,612g
422,2024-11-24 09:20:00,5.52,7.38,NA,$0.04/gram,Voila~Dempster's Whole Wheat Bread Texas Toast 517 g,Voila,Dempster's Whole Wheat Bread Texas Toast 599 g,519g
473,2024-11-25 09:20:00,7.07,4.69,NA,$0.02/gram,Voila~Dempster's Whole Wheat Bread Texas Toast 598 g,Voila,Dempster's Whole Wheat Bread Texas Toast 618 g,553g
30,2024-11-26 09:20:00,6.55,NA,NA,$0.03/gram,Voila~Dempster's Whole Wheat Bread Texas Toast 547 g,Voila,Dempster's Whole Wheat Bread Texas Toast 634 g,559g
455,2024-11-27 09:20:00,5.11,4.44,NA,$0.05/gram,Voila~Dempster's Whole Wheat Bread Texas Toast 588 g,Voila,Dempster's Whole Wheat Bread Texas Toast 605 g,630g
115,2024-11-28 09:20:00,7.59,5.19,NA,$0.01/gram,Voila~Dempster's Whole Wheat Bread Texas Toast 532 g,Voila,Dempster's Whole Wheat Bread Texas Toast 621 g,541g
431,2024-11-29 09:20:00,9.85,6.95,NA,$0.04/gram,Voila~Dempster's Whole Wheat Bread Texas Toast 681 g,Voila,Dempster's Whole Wheat Bread Texas Toast 623 g,593g
144,2024-11-30 09:20:00,6.62,NA,NA,$0.01/gram,Voila~Dempster's Whole Wheat Bread Texas Toast 631 g,Voila,Dempster's Whole Wheat Bread Texas Toast 562 g,507g
260,2024-12-01 09:20:00,9.32,NA,NA,$0.05/gram,Voila~Dempster's Whole Wheat Bread Texas Toast 611 g,Voila,Dempster's Whole Wheat Bread Texas Toast 672 g,616g
148,2024-12-02 09:20:00,6.84,NA,NA,$0.02/gram,Voila~Dempster's Whole Wheat Bread Texas Toast 664 g,Voila,Dempster's Whole Wheat Bread Texas Toast 609 g,550g
235,2024-12-03 09:20:00,6.73,4.62,NA,$0.04/gram,Voila~Dempster's Whole Wheat Bread Texas Toast 651 g,Voila,Dempster's Whole Wheat Bread Texas Toast 513 g,626g
175,2024-12-04 09:20:00,6.81,NA,NA,$0.03/gram,Voila~Dempster's Whole Wheat Bread Texas Toast 596 g,Voila,Dempster's Whole Wheat Bread Texas Toast 677 g,652g
96,2024-12-05 09:20:00,6.33,9.26,NA,$0.03/gram,Voila~Dempster's Whole Wheat Bread Texas Toast 613 g,Voila,Dempster's Whole Wheat Bread Texas Toast 597 g,583g
457,2024-12-06 09:20:00,6.82,7.24,NA,$0.01/gram,Voila~Dempster's Whole Wheat Bread Texas Toast 505 g,Voila,Dempster's Whole Wheat Bread Texas Toast 616 g,594g
314,2024-12-07 09:20:00,8.26,6.11,NA,$0.03/gram,Voila~Dempster's Whole Wheat Bread Texas Toast 616 g,Voila,Dempster's Whole Wheat Bread Texas Toast 664 g,619g
275,2024-12-08 09:20:00,6.86,NA,NA,$0.04/gram,Voila~Dempster's Whole Wheat Bread Texas Toast 520 g,Voila,Dempster's Whole Wheat Bread Texas Toast 501 g,514g
252,2024-12-09 09:20:00,7.54,8.49,NA,$0.02/gram,Voila~Dempster's Whole Wheat Bread Texas Toast 685 g,Voila,Dempster's Whole Wheat Bread Texas Toast 657 g,506g
20,2024-12-10 09:20:00,7.66,NA,NA,$0.03/gram,Voila~Dempster's Whole Wheat Bread Texas Toast 536 g,Voila,Dempster's Whole Wheat Bread Texas Toast 603 g,513g
311,2024-12-11 09:20:00,9.24,5.78,NA,$0.02/gram,Voila~Dempster's Whole Wheat Bread Texas Toast 650 g,Voila,Dempster's Whole Wheat Bread Texas Toast 513 g,609g
345,2024-12-12 09:20:00,8.45,9.86,NA,$0.03/gram,Voila~Dempster's Whole Wheat Bread Texas Toast 509 g,Voila,Dempster's Whole Wheat Bread Texas Toast 589 g,586g
68,2024-12-13 09:20:00,7.43,NA,NA,$0.04/gram,Voila~Dempster's Whole Wheat Bread Texas Toast 557 g,Voila,Dempster's Whole Wheat Bread Texas Toast 610 g,590g
283,2024-12-14 09:20:00,8.33,4.13,NA,$0.05/gram,Voila~Dempster's Whole Wheat Bread Texas Toast 663 g,Voila,Dempster's Whole Wheat Bread Texas Toast 592 g,541g
151,2024-12-15 09:20:00,8.86,NA,NA,$0.01/gram,Voila~Dempster's Whole Wheat Bread Texas Toast 509 g,Voila,Dempster's Whole Wheat Bread Texas Toast 526 g,608g
263,2024-12-16 09:20:00,9.01,NA,NA,$0.04/gram,Voila~Dempster's Whole Wheat Bread Texas Toast 628 g,Voila,Dempster's Whole Wheat Bread Texas Toast 565 g,648g
44,2024-12-17 09:20:00,7.38,NA,NA,$0.05/gram,Voila~Dempster's Whole Wheat Bread Texas Toast 582 g,Voila,Dempster's Whole Wheat Bread Texas Toast 523 g,527g
365,2024-12-18 09:20:00,4.59,6.66,NA,$0.03/gram,Voila~Dempster's Whole Wheat Bread Texas Toast 571 g,Voila,Dempster's Whole Wheat Bread Texas Toast 643 g,597g
167,2024-12-19 09:20:00,5.38,NA,NA,$0.03/gram,Voila~Dempster's Whole Wheat Bread Texas Toast 649 g,Voila,Dempster's Whole Wheat Bread Texas Toast 620 g,569g
178,2024-12-20 09:20:00,9.24,8.44,NA,$0.02/gram,Voila~Dempster's Whole Wheat Bread Texas Toast 635 g,Voila,Dempster's Whole Wheat Bread Texas Toast 700 g,507g
313,2024-12-21 09:20:00,8.2,NA,NA,$0.02/gram,Voila~Dempster's Whole Wheat Bread Texas Toast 674 g,Voila,Dempster's Whole Wheat Bread Texas Toast 691 g,533g
70,2024-12-22 09:20:00,6.25,3.99,NA,$0.05/gram,Voila~Dempster's Whole Wheat Bread Texas Toast 662 g,Voila,Dempster's Whole Wheat Bread Texas Toast 695 g,632g
35,2024-12-23 09:20:00,8.52,NA,NA,$0.05/gram,Voila~Dempster's Whole Wheat Bread Texas Toast 630 g,Voila,Dempster's Whole Wheat Bread Texas Toast 597 g,615g
444,2024-12-24 09:20:00,5.63,NA,NA,$0.04/gram,Voila~Dempster's Whole Wheat Bread Texas Toast 699 g,Voila,Dempster's Whole Wheat Bread Texas Toast 524 g,650g
49,2024-12-25 09:20:00,7.65,6.27,NA,$0.03/gram,Voila~Dempster's Whole Wheat Bread Texas Toast 546 g,Voila,Dempster's Whole Wheat Bread Texas Toast 535 g,513g
393,2024-12-26 09:20:00,5.64,7.99,NA,$0.01/gram,Voila~Dempster's Whole Wheat Bread Texas Toast 627 g,Voila,Dempster's Whole Wheat Bread Texas Toast 604 g,671g
71,2024-12-27 09:20:00,6.1,4.42,NA,$0.04/gram,Voila~Dempster's Whole Wheat Bread Texas Toast 660 g,Voila,Dempster's Whole Wheat Bread Texas Toast 698 g,504g
281,2024-12-28 09:20:00,9.16,NA,NA,$0.02/gram,Voila~Dempster's Whole Wheat Bread Texas Toast 602 g,Voila,Dempster's Whole Wheat Bread Texas Toast 572 g,674g
373,2024-12-29 09:20:00,9.38,8.06,NA,$0.02/gram,Voila~Dempster's Whole Wheat Bread Texas Toast 620 g,Voila,Dempster's Whole Wheat Bread Texas Toast 504 g,626g
426,2024-12-30 09:20:00,4.76,9.37,NA,$0.03/gram,Voila~Dempster's Whole Wheat Bread Texas Toast 665 g,Voila,Dempster's Whole Wheat Bread Texas Toast 500 g,568g
6,2024-12-31 09:20:00,7.72,NA,NA,$0.05/gram,Voila~Dempster's Whole Wheat Bread Texas Toast 609 g,Voila,Dempster's Whole Wheat Bread Texas Toast 683 g,614g
290,2025-01-01 09:20:00,7.72,4.24,NA,$0.04/gram,Voila~Dempster's Whole Wheat Bread Texas Toast 639 g,Voila,Dempster's Whole Wheat Bread Texas Toast 607 g,508g
200,2025-01-02 09:20:00,7.98,NA,NA,$0.03/gram,Voila~Dempster's Whole Wheat Bread Texas Toast 678 g,Voila,Dempster's Whole Wheat Bread Texas Toast 577 g,568g
456,2025-01-03 09:20:00,4.78,NA,NA,$0.04/gram,Voila~Dempster's Whole Wheat Bread Texas Toast 685 g,Voila,Dempster's Whole Wheat Bread Texas Toast 533 g,501g
235,2025-01-04 09:20:00,9.42,NA,NA,$0.04/gram,Voila~Dempster's Whole Wheat Bread Texas Toast 679 g,Voila,Dempster's Whole Wheat Bread Texas Toast 609 g,502g
136,2025-01-05 09:20:00,9.38,6.79,NA,$0.04/gram,Voila~Dempster's Whole Wheat Bread Texas Toast 522 g,Voila,Dempster's Whole Wheat Bread Texas Toast 575 g,508g
20,2025-01-06 09:20:00,4.2,NA,NA,$0.01/gram,Voila~Dempster's Whole Wheat Bread Texas Toast 608 g,Voila,Dempster's Whole Wheat Bread Texas Toast 650 g,673g
267,2025-01-07 09:20:00,8.6,9.81,NA,$0.02/gram,Voila~Dempster's Whole Wheat Bread Texas Toast 527 g,Voila,Dempster's Whole Wheat Bread Texas Toast 584 g,612g
354,2025-01-08 09:20:00,8.09,4.08,NA,$0.03/gram,Voila~Dempster's Whole Wheat Bread Texas Toast 654 g,Voila,Dempster's Whole Wheat Bread Texas Toast 656 g,694g
393,2025-01-09 09:20:00,6.75,NA,NA,$0.04/gram,Voila~Dempster's Whole Wheat Bread Texas Toast 614 g,Voila,Dempster's Whole Wheat Bread Texas Toast 501 g,561g
80,2025-01-10 09:20:00,7.76,NA,NA,$0.01/gram,Voila~Dempster's Whole Wheat Bread Texas Toast 511 g,Voila,Dempster's Whole Wheat Bread Texas Toast 510 g,516g
359,2025-01-11 09:20:00,5.65,NA,NA,$0.02/gram,Voila~Dempster's Whole Wheat Bread Texas Toast 618 g,Voila,Dempster's Whole Wheat Bread Texas Toast 545 g,553g
284,2025-01-12 09:20:00,6.51,NA,NA,$0.05/gram,Voila~Dempster's Whole Wheat Bread Texas Toast 670 g,Voila,Dempster's Whole Wheat Bread Texas Toast 522 g,698g
21,2025-01-13 09:20:00,8.56,8.89,NA,$0.01/gram,Voila~Dempster's Whole Wheat Bread Texas Toast 673 g,Voila,Dempster's Whole Wheat Bread Texas Toast 589 g,553g
19,2025-01-14 09:20:00,5.79,NA,NA,$0.03/gram,Voila~Dempster's Whole Wheat Bread Texas Toast 599 g,Voila,Dempster's Whole Wheat Bread Texas Toast 573 g,687g
250,2025-01-15 09:20:00,5.31,NA,NA,$0.04/gram,Voila~Dempster's Whole Wheat Bread Texas Toast 690 g,Voila,Dempster's Whole Wheat Bread Texas Toast 682 g,619g
33,2025-01-16 09:20:00,7.52,NA,NA,$0.03/gram,Voila~Dempster's Whole Wheat Bread Texas Toast 520 g,Voila,Dempster's Whole Wheat Bread Texas Toast 545 g,507g
75,2025-01-17 09:20:00,7.36,NA,NA,$0.04/gram,Voila~Dempster's Whole Wheat Bread Texas Toast 686 g,Voila,Dempster's Whole Wheat Bread Texas Toast 621 g,522g
16,2025-01-18 09:20:00,4.53,7.9,NA,$0.02/gram,Voila~Dempster's Whole Wheat Bread Texas Toast 677 g,Voila,Dempster's Whole Wheat Bread Texas Toast 661 g,534g
176,2025-01-19 09:20:00,7.82,NA,NA,$0.05/gram,Voila~Dempster's Whole Wheat Bread Texas Toast 630 g,Voila,Dempster's Whole Wheat Bread Texas Toast 564 g,660g
457,2025-01-20 09:20:00,5.32,9.72,NA,$0.01/gram,Voila~Dempster's Whole Wheat Bread Texas Toast 660 g,Voila,Dempster's Whole Wheat Bread Texas Toast 692 g,638g
122,2025-01-21 09:20:00,8.04,9.07,NA,$0.01/gram,Voila~Dempster's Whole Wheat Bread Texas Toast 616 g,Voila,Dempster's Whole Wheat Bread Texas Toast 660 g,664g
362,2025-01-22 09:20:00,5.8,8.97,NA,$0.05/gram,Voila~Dempster's Whole Wheat Bread Texas Toast 588 g,Voila,Dempster's Whole Wheat Bread Texas Toast 604 g,582g
379,2025-01-23 09:20:00,4.69,NA,NA,$0.05/gram,Voila~Dempster's Whole Wheat Bread Texas Toast 576 g,Voila,Dempster's Whole Wheat Bread Texas Toast 571 g,580g
396,2025-01-24 09:20:00,7.87,NA,NA,$0.03/gram,Voila~Dempster's Whole Wheat Bread Texas Toast 551 g,Voila,Dempster's Whole Wheat Bread Texas Toast 647 g,539g
213,2025-01-25 09:20:00,7.63,9.8,NA,$0.01/gram,Voila~Dempster's Whole Wheat Bread Texas Toast 637 g,Voila,Dempster's Whole Wheat Bread Texas Toast 689 g,584g
240,2025-01-26 09:20:00,8.48,8.97,NA,$0.04/gram,Voila~Dempster's Whole Wheat Bread Texas Toast 554 g,Voila,Dempster's Whole Wheat Bread Texas Toast 665 g,605g
20,2025-01-27 09:20:00,6.34,NA,NA,$0.01/gram,Voila~Dempster's Whole Wheat Bread Texas Toast 554 g,Voila,Dempster's Whole Wheat Bread Texas Toast 560 g,650g
180,2025-01-28 09:20:00,4.14,4.77,NA,$0.01/gram,Voila~Dempster's Whole Wheat Bread Texas Toast 661 g,Voila,Dempster's Whole Wheat Bread Texas Toast 590 g,580g
214,2025-01-29 09:20:00,9.95,4.33,NA,$0.01/gram,Voila~Dempster's Whole Wheat Bread Texas Toast 685 g,Voila,Dempster's Whole Wheat Bread Texas Toast 541 g,616g
84,2025-01-30 09:20:00,9.84,6.53,NA,$0.04/gram,Voila~Dempster's Whole Wheat Bread Texas Toast 550 g,Voila,Dempster's Whole Wheat Bread Texas Toast 577 g,575g
278,2025-01-31 09:20:00,5.53,NA,NA,$0.01/gram,Voila~Dempster's Whole Wheat Bread Texas Toast 675 g,Voila,Dempster's Whole Wheat Bread Texas Toast 690 g,616g
64,2025-02-01 09:20:00,8.48,6.35,NA,$0.01/gram,Voila~Dempster's Whole Wheat Bread Texas Toast 620 g,Voila,Dempster's Whole Wheat Bread Texas Toast 531 g,516g
85,2025-02-02 09:20:00,5.15,4.46,NA,$0.05/gram,Voila~Dempster's Whole Wheat Bread Texas Toast 695 g,Voila,Dempster's Whole Wheat Bread Texas Toast 547 g,651g
481,2025-02-03 09:20:00,7.08,NA,NA,$0.02/gram,Voila~Dempster's Whole Wheat Bread Texas Toast 541 g,Voila,Dempster's Whole Wheat Bread Texas Toast 644 g,519g
335,2025-02-04 09:20:00,9.61,NA,NA,$0.02/gram,Voila~Dempster's Whole Wheat Bread Texas Toast 531 g,Voila,Dempster's Whole Wheat Bread Texas Toast 652 g,659g
237,2025-02-05 09:20:00,8.66,NA,NA,$0.04/gram,Voila~Dempster's Whole Wheat Bread Texas Toast 669 g,Voila,Dempster's Whole Wheat Bread Texas Toast 516 g,521g
482,2025-02-06 09:20:00,7.18,9.87,NA,$0.01/gram,Voila~Dempster's Whole Wheat Bread Texas Toast 670 g,Voila,Dempster's Whole Wheat Bread Texas Toast 667 g,574g
251,2025-02-07 09:20:00,4.41,NA,NA,$0.03/gram,Voila~Dempster's Whole Wheat Bread Texas Toast 630 g,Voila,Dempster's Whole Wheat Bread Texas Toast 537 g,670g
64,2025-02-08 09:20:00,8.94,NA,NA,$0.03/gram,Voila~Dempster's Whole Wheat Bread Texas Toast 683 g,Voila,Dempster's Whole Wheat Bread Texas Toast 541 g,700g
355,2025-02-09 09:20:00,9.33,NA,NA,$0.04/gram,Voila~Dempster's Whole Wheat Bread Texas Toast 632 g,Voila,Dempster's Whole Wheat Bread Texas Toast 504 g,658g
42,2025-02-10 09:20:00,6.05,4.29,NA,$0.05/gram,Voila~Dempster's Whole Wheat Bread Texas Toast 543 g,Voila,Dempster's Whole Wheat Bread Texas Toast 601 g,661g
43,2025-02-11 09:20:00,7.17,5.8,NA,$0.03/gram,Voila~Dempster's Whole Wheat Bread Texas Toast 598 g,Voila,Dempster's Whole Wheat Bread Texas Toast 607 g,597g
486,2025-02-12 09:20:00,5.76,NA,NA,$0.02/gram,Voila~Dempster's Whole Wheat Bread Texas Toast 642 g,Voila,Dempster's Whole Wheat Bread Texas Toast 508 g,515g
74,2025-02-13 09:20:00,8,NA,NA,$0.03/gram,Voila~Dempster's Whole Wheat Bread Texas Toast 539 g,Voila,Dempster's Whole Wheat Bread Texas Toast 619 g,554g
447,2025-02-14 09:20:00,9.54,NA,NA,$0.01/gram,Voila~Dempster's Whole Wheat Bread Texas Toast 526 g,Voila,Dempster's Whole Wheat Bread Texas Toast 614 g,567g
318,2025-02-15 09:20:00,5.91,NA,NA,$0.02/gram,Voila~Dempster's Whole Wheat Bread Texas Toast 501 g,Voila,Dempster's Whole Wheat Bread Texas Toast 589 g,622g
473,2025-02-16 09:20:00,5.68,NA,NA,$0.02/gram,Voila~Dempster's Whole Wheat Bread Texas Toast 548 g,Voila,Dempster's Whole Wheat Bread Texas Toast 550 g,627g
365,2025-02-17 09:20:00,7.85,NA,NA,$0.03/gram,Voila~Dempster's Whole Wheat Bread Texas Toast 646 g,Voila,Dempster's Whole Wheat Bread Texas Toast 669 g,540g
168,2025-02-18 09:20:00,9.37,9.2,NA,$0.02/gram,Voila~Dempster's Whole Wheat Bread Texas Toast 642 g,Voila,Dempster's Whole Wheat Bread Texas Toast 575 g,582g
41,2025-02-19 09:20:00,6.39,6.44,NA,$0.02/gram,Voila~Dempster's Whole Wheat Bread Texas Toast 565 g,Voila,Dempster's Whole Wheat Bread Texas Toast 529 g,577g
148,2025-02-20 09:20:00,9.13,8.98,NA,$0.04/gram,Voila~Dempster's Whole Wheat Bread Texas Toast 638 g,Voila,Dempster's Whole Wheat Bread Texas Toast 622 g,695g
243,2025-02-21 09:20:00,8.46,9.78,NA,$0.05/gram,Voila~Dempster's Whole Wheat Bread Texas Toast 556 g,Voila,Dempster's Whole Wheat Bread Texas Toast 583 g,562g
396,2025-02-22 09:20:00,5.47,9.19,NA,$0.02/gram,Voila~Dempster's Whole Wheat Bread Texas Toast 628 g,Voila,Dempster's Whole Wheat Bread Texas Toast 526 g,607g
422,2025-02-23 09:20:00,7.56,NA,NA,$0.03/gram,Voila~Dempster's Whole Wheat Bread Texas Toast 509 g,Voila,Dempster's Whole Wheat Bread Texas Toast 660 g,531g
6,2025-02-24 09:20:00,9.91,6.64,NA,$0.04/gram,Voila~Dempster's Whole Wheat Bread Texas Toast 569 g,Voila,Dempster's Whole Wheat Bread Texas Toast 646 g,690g
28,2025-02-25 09:20:00,7.79,NA,NA,$0.03/gram,Voila~Dempster's Whole Wheat Bread Texas Toast 688 g,Voila,Dempster's Whole Wheat Bread Texas Toast 581 g,631g
318,2025-02-26 09:20:00,5.57,NA,NA,$0.01/gram,Voila~Dempster's Whole Wheat Bread Texas Toast 623 g,Voila,Dempster's Whole Wheat Bread Texas Toast 559 g,617g
26,2025-02-27 09:20:00,7.06,NA,NA,$0.04/gram,Voila~Dempster's Whole Wheat Bread Texas Toast 689 g,Voila,Dempster's Whole Wheat Bread Texas Toast 530 g,613g
37,2025-02-28 09:20:00,7.03,NA,NA,$0.02/gram,Voila~Dempster's Whole Wheat Bread Texas Toast 653 g,Voila,Dempster's Whole Wheat Bread Texas Toast 591 g,651g
61,2025-03-01 09:20:00,9.73,NA,NA,$0.04/gram,Voila~Dempster's Whole Wheat Bread Texas Toast 655 g,Voila,Dempster's Whole Wheat Bread Texas Toast 579 g,540g
378,2025-03-02 09:20:00,9.08,8.01,NA,$0.02/gram,Voila~Dempster's Whole Wheat Bread Texas Toast 599 g,Voila,Dempster's Whole Wheat Bread Texas Toast 606 g,521g
101,2025-03-03 09:20:00,6.47,6.55,NA,$0.04/gram,Voila~Dempster's Whole Wheat Bread Texas Toast 574 g,Voila,Dempster's Whole Wheat Bread Texas Toast 579 g,617g
45,2025-03-04 09:20:00,5.11,NA,NA,$0.04/gram,Voila~Dempster's Whole Wheat Bread Texas Toast 630 g,Voila,Dempster's Whole Wheat Bread Texas Toast 538 g,667g
156,2025-03-05 09:20:00,5.94,8.45,NA,$0.02/gram,Voila~Dempster's Whole Wheat Bread Texas Toast 645 g,Voila,Dempster's Whole Wheat Bread Texas Toast 670 g,696g
489,2025-03-06 09:20:00,7.49,5.43,NA,$0.03/gram,Voila~Dempster's Whole Wheat Bread Texas Toast 510 g,Voila,Dempster's Whole Wheat Bread Texas Toast 504 g,554g
266,2025-03-07 09:20:00,9.02,7.7,NA,$0.03/gram,Voila~Dempster's Whole Wheat Bread Texas Toast 593 g,Voila,Dempster's Whole Wheat Bread Texas Toast 605 g,616g
467,2025-03-08 09:20:00,7.9,NA,NA,$0.03/gram,Voila~Dempster's Whole Wheat Bread Texas Toast 622 g,Voila,Dempster's Whole Wheat Bread Texas Toast 638 g,583g
413,2025-03-09 09:20:00,4.49,NA,NA,$0.05/gram,Voila~Dempster's Whole Wheat Bread Texas Toast 565 g,Voila,Dempster's Whole Wheat Bread Texas Toast 650 g,684g
10,2025-03-10 09:20:00,5.33,NA,NA,$0.01/gram,Voila~Dempster's Whole Wheat Bread Texas Toast 629 g,Voila,Dempster's Whole Wheat Bread Texas Toast 539 g,562g
117,2025-03-11 09:20:00,5.33,NA,NA,$0.05/gram,Voila~Dempster's Whole Wheat Bread Texas Toast 673 g,Voila,Dempster's Whole Wheat Bread Texas Toast 695 g,610g
245,2025-03-12 09:20:00,4.18,NA,NA,$0.03/gram,Voila~Dempster's Whole Wheat Bread Texas Toast 644 g,Voila,Dempster's Whole Wheat Bread Texas Toast 516 g,661g
112,2025-03-13 09:20:00,8.45,7.36,NA,$0.05/gram,Voila~Dempster's Whole Wheat Bread Texas Toast 520 g,Voila,Dempster's Whole Wheat Bread Texas Toast 565 g,625g
493,2025-03-14 09:20:00,5.77,5.8,NA,$0.03/gram,Voila~Dempster's Whole Wheat Bread Texas Toast 652 g,Voila,Dempster's Whole Wheat Bread Texas Toast 565 g,692g
4,2025-03-15 09:20:00,7.16,6.77,NA,$0.03/gram,Voila~Dempster's Whole Wheat Bread Texas Toast 582 g,Voila,Dempster's Whole Wheat Bread Texas Toast 610 g,588g
380,2025-03-16 09:20:00,4.16,4.36,NA,$0.03/gram,Voila~Dempster's Whole Wheat Bread Texas Toast 555 g,Voila,Dempster's Whole Wheat Bread Texas Toast 570 g,518g
179,2025-03-17 09:20:00,5.42,NA,NA,$0.01/gram,Voila~Dempster's Whole Wheat Bread Texas Toast 616 g,Voila,Dempster's Whole Wheat Bread Texas Toast 631 g,610g
74,2025-03-18 09:20:00,5.28,8.86,NA,$0.02/gram,Voila~Dempster's Whole Wheat Bread Texas Toast 666 g,Voila,Dempster's Whole Wheat Bread Texas Toast 677 g,667g
304,2025-03-19 09:20:00,7.36,NA,NA,$0.01/gram,Voila~Dempster's Whole Wheat Bread Texas Toast 614 g,Voila,Dempster's Whole Wheat Bread Texas Toast 635 g,545g
122,2025-03-20 09:20:00,5.66,NA,NA,$0.05/gram,Voila~Dempster's Whole Wheat Bread Texas Toast 521 g,Voila,Dempster's Whole Wheat Bread Texas Toast 699 g,507g
495,2025-03-21 09:20:00,7.62,NA,NA,$0.01/gram,Voila~Dempster's Whole Wheat Bread Texas Toast 540 g,Voila,Dempster's Whole Wheat Bread Texas Toast 645 g,644g
261,2025-03-22 09:20:00,9.54,NA,NA,$0.04/gram,Voila~Dempster's Whole Wheat Bread Texas Toast 557 g,Voila,Dempster's Whole Wheat Bread Texas Toast 557 g,598g
318,2025-03-23 09:20:00,5.78,NA,NA,$0.03/gram,Voila~Dempster's Whole Wheat Bread Texas Toast 530 g,Voila,Dempster's Whole Wheat Bread Texas Toast 625 g,693g
60,2025-03-24 09:20:00,8.09,5.53,NA,$0.02/gram,Voila~Dempster's Whole Wheat Bread Texas Toast 533 g,Voila,Dempster's Whole Wheat Bread Texas Toast 512 g,675g
82,2025-03-25 09:20:00,9.18,NA,NA,$0.04/gram,Voila~Dempster's Whole Wheat Bread Texas Toast 534 g,Voila,Dempster's Whole Wheat Bread Texas Toast 556 g,683g
399,2025-03-26 09:20:00,8.67,4.76,NA,$0.02/gram,Voila~Dempster's Whole Wheat Bread Texas Toast 612 g,Voila,Dempster's Whole Wheat Bread Texas Toast 550 g,591g
389,2025-03-27 09:20:00,5.47,NA,NA,$0.01/gram,Voila~Dempster's Whole Wheat Bread Texas Toast 557 g,Voila,Dempster's Whole Wheat Bread Texas Toast 562 g,569g
425,2025-03-28 09:20:00,9.35,NA,NA,$0.03/gram,Voila~Dempster's Whole Wheat Bread Texas Toast 618 g,Voila,Dempster's Whole Wheat Bread Texas Toast 613 g,598g
65,2025-03-29 09:20:00,9.06,4.95,NA,$0.02/gram,Voila~Dempster's Whole Wheat Bread Texas Toast 601 g,Voila,Dempster's Whole Wheat Bread Texas Toast 642 g,648g
462,2025-03-30 09:20:00,6.02,5.5,NA,$0.04/gram,Voila~Dempster's Whole Wheat Bread Texas Toast 616 g,Voila,Dempster's Whole Wheat Bread Texas Toast 631 g,688g
399,2025-03-31 09:20:00,7.15,5.12,NA,$0.02/gram,Voila~Dempster's Whole Wheat Bread Texas Toast 589 g,Voila,Dempster's Whole Wheat Bread Texas Toast 575 g,570g
390,2025-04-01 09:20:00,8.05,NA,NA,$0.03/gram,Voila~Dempster's Whole Wheat Bread Texas Toast 530 g,Voila,Dempster's Whole Wheat Bread Texas Toast 549 g,589g
453,2025-04-02 09:20:00,4.53,NA,NA,$0.04/gram,Voila~Dempster's Whole Wheat Bread Texas Toast 637 g,Voila,Dempster's Whole Wheat Bread Texas Toast 506 g,637g
461,2025-04-03 09:20:00,6.34,NA,NA,$0.03/gram,Voila~Dempster's Whole Wheat Bread Texas Toast 595 g,Voila,Dempster's Whole Wheat Bread Texas Toast 636 g,611g
224,2025-04-04 09:20:00,4.18,7.58,NA,$0.03/gram,Voila~Dempster's Whole Wheat Bread Texas Toast 678 g,Voila,Dempster's Whole Wheat Bread Texas Toast 683 g,656g
152,2025-04-05 09:20:00,4.7,NA,NA,$0.04/gram,Voila~Dempster's Whole Wheat Bread Texas Toast 635 g,Voila,Dempster's Whole Wheat Bread Texas Toast 669 g,676g
359,2025-04-06 09:20:00,6.32,9.1,NA,$0.02/gram,Voila~Dempster's Whole Wheat Bread Texas Toast 674 g,Voila,Dempster's Whole Wheat Bread Texas Toast 538 g,601g
98,2025-04-07 09:20:00,8.09,NA,NA,$0.01/gram,Voila~Dempster's Whole Wheat Bread Texas Toast 618 g,Voila,Dempster's Whole Wheat Bread Texas Toast 588 g,681g
267,2025-04-08 09:20:00,6.42,NA,NA,$0.04/gram,Voila~Dempster's Whole Wheat Bread Texas Toast 543 g,Voila,Dempster's Whole Wheat Bread Texas Toast 604 g,608g
77,2025-04-09 09:20:00,8.89,5.55,NA,$0.02/gram,Voila~Dempster's Whole Wheat Bread Texas Toast 504 g,Voila,Dempster's Whole Wheat Bread Texas Toast 691 g,654g
378,2025-04-10 09:20:00,5.05,NA,NA,$0.04/gram,Voila~Dempster's Whole Wheat Bread Texas Toast 527 g,Voila,Dempster's Whole Wheat Bread Texas Toast 643 g,576g
463,2025-04-11 09:20:00,6.98,NA,NA,$0.02/gram,Voila~Dempster's Whole Wheat Bread Texas Toast 624 g,Voila,Dempster's Whole Wheat Bread Texas Toast 685 g,646g
282,2025-04-12 09:20:00,7.56,9.39,NA,$0.03/gram,Voila~Dempster's Whole Wheat Bread Texas Toast 674 g,Voila,Dempster's Whole Wheat Bread Texas Toast 682 g,686g
181,2025-04-13 09:20:00,8.32,NA,NA,$0.03/gram,Voila~Dempster's Whole Wheat Bread Texas Toast 623 g,Voila,Dempster's Whole Wheat Bread Texas Toast 576 g,569g
128,2025-04-14 09:20:00,5.1,6.99,NA,$0.03/gram,Voila~Dempster's Whole Wheat Bread Texas Toast 593 g,Voila,Dempster's Whole Wheat Bread Texas Toast 636 g,551g
63,2025-04-15 09:20:00,9.88,9.24,NA,$0.02/gram,Voila~Dempster's Whole Wheat Bread Texas Toast 604 g,Voila,Dempster's Whole Wheat Bread Texas Toast 687 g,653g
216,2025-04-16 09:20:00,9.72,NA,NA,$0.05/gram,Voila~Dempster's Whole Wheat Bread Texas Toast 582 g,Voila,Dempster's Whole Wheat Bread Texas Toast 636 g,587g
410,2025-04-17 09:20:00,5.12,7.36,NA,$0.04/gram,Voila~Dempster's Whole Wheat Bread Texas Toast 564 g,Voila,Dempster's Whole Wheat Bread Texas Toast 622 g,662g
320,2025-04-18 09:20:00,7.52,5.93,NA,$0.05/gram,Voila~Dempster's Whole Wheat Bread Texas Toast 682 g,Voila,Dempster's Whole Wheat Bread Texas Toast 539 g,517g
240,2025-04-19 09:20:00,6.28,NA,NA,$0.03/gram,Voila~Dempster's Whole Wheat Bread Texas Toast 616 g,Voila,Dempster's Whole Wheat Bread Texas Toast 610 g,585g
227,2025-04-20 09:20:00,4.82,NA,NA,$0.03/gram,Voila~Dempster's Whole Wheat Bread Texas Toast 584 g,Voila,Dempster's Whole Wheat Bread Texas Toast 537 g,636g
41,2025-04-21 09:20:00,9.9,NA,NA,$0.01/gram,Voila~Dempster's Whole Wheat Bread Texas Toast 508 g,Voila,Dempster's Whole Wheat Bread Texas Toast 547 g,587g
252,2025-04-22 09:20:00,5.1,5.4,NA,$0.05/gram,Voila~Dempster's Whole Wheat Bread Texas Toast 517 g,Voila,Dempster's Whole Wheat Bread Texas Toast 654 g,504g
17,2025-04-23 09:20:00,7.04,7.19,NA,$0.02/gram,Voila~Dempster's Whole Wheat Bread Texas Toast 540 g,Voila,Dempster's Whole Wheat Bread Texas Toast 687 g,658g
305,2025-04-24 09:20:00,4.81,6.89,NA,$0.02/gram,Voila~Dempster's Whole Wheat Bread Texas Toast 660 g,Voila,Dempster's Whole Wheat Bread Texas Toast 625 g,552g
91,2025-04-25 09:20:00,6.23,NA,NA,$0.02/gram,Voila~Dempster's Whole Wheat Bread Texas Toast 533 g,Voila,Dempster's Whole Wheat Bread Texas Toast 630 g,521g
377,2025-04-26 09:20:00,9.77,NA,NA,$0.02/gram,Voila~Dempster's Whole Wheat Bread Texas Toast 644 g,Voila,Dempster's Whole Wheat Bread Texas Toast 609 g,598g
486,2025-04-27 09:20:00,7.98,NA,NA,$0.02/gram,Voila~Dempster's Whole Wheat Bread Texas Toast 697 g,Voila,Dempster's Whole Wheat Bread Texas Toast 500 g,656g
120,2025-04-28 09:20:00,7.61,4.53,NA,$0.01/gram,Voila~Dempster's Whole Wheat Bread Texas Toast 608 g,Voila,Dempster's Whole Wheat Bread Texas Toast 690 g,501g
212,2025-04-29 09:20:00,4.22,7.82,NA,$0.04/gram,Voila~Dempster's Whole Wheat Bread Texas Toast 538 g,Voila,Dempster's Whole Wheat Bread Texas Toast 666 g,650g
15,2025-04-30 09:20:00,8.82,NA,NA,$0.02/gram,Voila~Dempster's Whole Wheat Bread Texas Toast 671 g,Voila,Dempster's Whole Wheat Bread Texas Toast 653 g,644g
383,2025-05-01 09:20:00,7.09,NA,NA,$0.04/gram,Voila~Dempster's Whole Wheat Bread Texas Toast 693 g,Voila,Dempster's Whole Wheat Bread Texas Toast 665 g,565g
25,2025-05-02 09:20:00,6.12,8.13,NA,$0.02/gram,Voila~Dempster's Whole Wheat Bread Texas Toast 685 g,Voila,Dempster's Whole Wheat Bread Texas Toast 522 g,506g
228,2025-05-03 09:20:00,5.23,NA,NA,$0.02/gram,Voila~Dempster's Whole Wheat Bread Texas Toast 565 g,Voila,Dempster's Whole Wheat Bread Texas Toast 658 g,528g
204,2025-05-04 09:20:00,6.25,6.43,NA,$0.02/gram,Voila~Dempster's Whole Wheat Bread Texas Toast 583 g,Voila,Dempster's Whole Wheat Bread Texas Toast 511 g,525g
498,2025-05-05 09:20:00,4.17,NA,NA,$0.02/gram,Voila~Dempster's Whole Wheat Bread Texas Toast 594 g,Voila,Dempster's Whole Wheat Bread Texas Toast 581 g,598g
212,2025-05-06 09:20:00,5.8,5.8,NA,$0.05/gram,Voila~Dempster's Whole Wheat Bread Texas Toast 569 g,Voila,Dempster's Whole Wheat Bread Texas Toast 531 g,554g
470,2025-05-07 09:20:00,9.64,NA,NA,$0.04/gram,Voila~Dempster's Whole Wheat Bread Texas Toast 684 g,Voila,Dempster's Whole Wheat Bread Texas Toast 568 g,642g
283,2025-05-08 09:20:00,7.67,NA,NA,$0.01/gram,Voila~Dempster's Whole Wheat Bread Texas Toast 573 g,Voila,Dempster's Whole Wheat Bread Texas Toast 572 g,533g
154,2025-05-09 09:20:00,4.25,NA,NA,$0.01/gram,Voila~Dempster's Whole Wheat Bread Texas Toast 567 g,Voila,Dempster's Whole Wheat Bread Texas Toast 539 g,697g
8,2025-05-10 09:20:00,6.95,NA,NA,$0.03/gram,Voila~Dempster's Whole Wheat Bread Texas Toast 695 g,Voila,Dempster's Whole Wheat Bread Texas Toast 660 g,699g
307,2025-05-11 09:20:00,8.15,NA,NA,$0.04/gram,Voila~Dempster's Whole Wheat Bread Texas Toast 541 g,Voila,Dempster's Whole Wheat Bread Texas Toast 576 g,667g
198,2025-05-12 09:20:00,7.92,NA,NA,$0.03/gram,Voila~Dempster's Whole Wheat Bread Texas Toast 534 g,Voila,Dempster's Whole Wheat Bread Texas Toast 614 g,617g
136,2025-05-13 09:20:00,4.68,9.55,NA,$0.04/gram,Voila~Dempster's Whole Wheat Bread Texas Toast 657 g,Voila,Dempster's Whole Wheat Bread Texas Toast 664 g,577g
433,2025-05-14 09:20:00,9.67,NA,NA,$0.02/gram,Voila~Dempster's Whole Wheat Bread Texas Toast 598 g,Voila,Dempster's Whole Wheat Bread Texas Toast 559 g,550g
31,2025-05-15 09:20:00,4.33,NA,NA,$0.03/gram,Voila~Dempster's Whole Wheat Bread Texas Toast 520 g,Voila,Dempster's Whole Wheat Bread Texas Toast 537 g,673g
8,2025-05-16 09:20:00,6.72,7.32,NA,$0.02/gram,Voila~Dempster's Whole Wheat Bread Texas Toast 664 g,Voila,Dempster's Whole Wheat Bread Texas Toast 612 g,695g
154,2025-05-17 09:20:00,4.48,9.36,NA,$0.04/gram,Voila~Dempster's Whole Wheat Bread Texas Toast 526 g,Voila,Dempster's Whole Wheat Bread Texas Toast 615 g,505g
99,2025-05-18 09:20:00,5.31,NA,NA,$0.03/gram,Voila~Dempster's Whole Wheat Bread Texas Toast 603 g,Voila,Dempster's Whole Wheat Bread Texas Toast 595 g,527g
493,2025-05-19 09:20:00,7.25,NA,NA,$0.04/gram,Voila~Dempster's Whole Wheat Bread Texas Toast 587 g,Voila,Dempster's Whole Wheat Bread Texas Toast 692 g,613g
351,2025-05-20 09:20:00,5.78,NA,NA,$0.03/gram,Voila~Dempster's Whole Wheat Bread Texas Toast 566 g,Voila,Dempster's Whole Wheat Bread Texas Toast 622 g,700g
244,2025-05-21 09:20:00,8.68,5.23,NA,$0.04/gram,Voila~Dempster's Whole Wheat Bread Texas Toast 553 g,Voila,Dempster's Whole Wheat Bread Texas Toast 635 g,626g
82,2025-05-22 09:20:00,9.36,NA,NA,$0.04/gram,Voila~Dempster's Whole Wheat Bread Texas Toast 696 g,Voila,Dempster's Whole Wheat Bread Texas Toast 671 g,673g
179,2025-05-23 09:20:00,4.47,NA,NA,$0.01/gram,Voila~Dempster's Whole Wheat Bread Texas Toast 554 g,Voila,Dempster's Whole Wheat Bread Texas Toast 686 g,662g
280,2025-05-24 09:20:00,8.1,8.78,NA,$0.04/gram,Voila~Dempster's Whole Wheat Bread Texas Toast 684 g,Voila,Dempster's Whole Wheat Bread Texas Toast 522 g,624g
339,2025-05-25 09:20:00,7.91,NA,NA,$0.03/gram,Voila~Dempster's Whole Wheat Bread Texas Toast 541 g,Voila,Dempster's Whole Wheat Bread Texas Toast 686 g,670g
203,2025-05-26 09:20:00,9.15,4.81,NA,$0.03/gram,Voila~Dempster's Whole Wheat Bread Texas Toast 588 g,Voila,Dempster's Whole Wheat Bread Texas Toast 672 g,634g
177,2025-05-27 09:20:00,6.81,NA,NA,$0.02/gram,Voila~Dempster's Whole Wheat Bread Texas Toast 651 g,Voila,Dempster's Whole Wheat Bread Texas Toast 660 g,565g
328,2025-05-28 09:20:00,5.1,5.41,NA,$0.02/gram,Voila~Dempster's Whole Wheat Bread Texas Toast 684 g,Voila,Dempster's Whole Wheat Bread Texas Toast 535 g,603g
139,2025-05-29 09:20:00,5.83,NA,NA,$0.02/gram,Voila~Dempster's Whole Wheat Bread Texas Toast 651 g,Voila,Dempster's Whole Wheat Bread Texas Toast 558 g,647g
281,2025-05-30 09:20:00,6.88,NA,NA,$0.01/gram,Voila~Dempster's Whole Wheat Bread Texas Toast 564 g,Voila,Dempster's Whole Wheat Bread Texas Toast 652 g,633g
397,2025-05-31 09:20:00,8.41,5.96,NA,$0.04/gram,Voila~Dempster's Whole Wheat Bread Texas Toast 552 g,Voila,Dempster's Whole Wheat Bread Texas Toast 578 g,583g
404,2025-06-01 09:20:00,7.08,4.75,NA,$0.03/gram,Voila~Dempster's Whole Wheat Bread Texas Toast 538 g,Voila,Dempster's Whole Wheat Bread Texas Toast 520 g,590g
111,2025-06-02 09:20:00,9.06,7.21,NA,$0.03/gram,Voila~Dempster's Whole Wheat Bread Texas Toast 557 g,Voila,Dempster's Whole Wheat Bread Texas Toast 518 g,580g
378,2025-06-03 09:20:00,5.54,NA,NA,$0.01/gram,Voila~Dempster's Whole Wheat Bread Texas Toast 693 g,Voila,Dempster's Whole Wheat Bread Texas Toast 696 g,698g
418,2025-06-04 09:20:00,9.08,NA,NA,$0.02/gram,Voila~Dempster's Whole Wheat Bread Texas Toast 676 g,Voila,Dempster's Whole Wheat Bread Texas Toast 622 g,625g
203,2025-06-05 09:20:00,5.11,7.36,NA,$0.03/gram,Voila~Dempster's Whole Wheat Bread Texas Toast 691 g,Voila,Dempster's Whole Wheat Bread Texas Toast 513 g,636g
326,2025-06-06 09:20:00,7.23,NA,NA,$0.02/gram,Voila~Dempster's Whole Wheat Bread Texas Toast 595 g,Voila,Dempster's Whole Wheat Bread Texas Toast 593 g,631g
414,2025-06-07 09:20:00,5.5,NA,NA,$0.02/gram,Voila~Dempster's Whole Wheat Bread Texas Toast 621 g,Voila,Dempster's Whole Wheat Bread Texas Toast 615 g,607g
24,2025-06-08 09:20:00,7.01,NA,NA,$0.03/gram,Voila~Dempster's Whole Wheat Bread Texas Toast 557 g,Voila,Dempster's Whole Wheat Bread Texas Toast 627 g,610g
92,2025-06-09 09:20:00,9.48,4.17,NA,$0.05/gram,Voila~Dempster's Whole Wheat Bread Texas Toast 654 g,Voila,Dempster's Whole Wheat Bread Texas Toast 694 g,589g
44,2025-06-10 09:20:00,7.15,NA,NA,$0.02/gram,Voila~Dempster's Whole Wheat Bread Texas Toast 623 g,Voila,Dempster's Whole Wheat Bread Texas Toast 590 g,695g
102,2025-06-11 09:20:00,8.75,4.64,NA,$0.03/gram,Voila~Dempster's Whole Wheat Bread Texas Toast 556 g,Voila,Dempster's Whole Wheat Bread Texas Toast 651 g,648g
339,2025-06-12 09:20:00,8.65,5.91,NA,$0.04/gram,Voila~Dempster's Whole Wheat Bread Texas Toast 681 g,Voila,Dempster's Whole Wheat Bread Texas Toast 637 g,628g
117,2025-06-13 09:20:00,6.55,NA,NA,$0.02/gram,Voila~Dempster's Whole Wheat Bread Texas Toast 590 g,Voila,Dempster's Whole Wheat Bread Texas Toast 530 g,520g
263,2025-06-14 09:20:00,6.26,8.98,NA,$0.03/gram,Voila~Dempster's Whole Wheat Bread Texas Toast 527 g,Voila,Dempster's Whole Wheat Bread Texas Toast 633 g,573g
147,2025-06-15 09:20:00,5.01,6.96,NA,$0.04/gram,Voila~Dempster's Whole Wheat Bread Texas Toast 646 g,Voila,Dempster's Whole Wheat Bread Texas Toast 626 g,640g
365,2025-06-16 09:20:00,5.16,5.46,NA,$0.01/gram,Voila~Dempster's Whole Wheat Bread Texas Toast 537 g,Voila,Dempster's Whole Wheat Bread Texas Toast 642 g,536g
154,2025-06-17 09:20:00,9.58,6.72,NA,$0.01/gram,Voila~Dempster's Whole Wheat Bread Texas Toast 635 g,Voila,Dempster's Whole Wheat Bread Texas Toast 509 g,693g
62,2025-06-18 09:20:00,4.49,NA,NA,$0.02/gram,Voila~Dempster's Whole Wheat Bread Texas Toast 547 g,Voila,Dempster's Whole Wheat Bread Texas Toast 665 g,531g
296,2025-06-19 09:20:00,6.37,5.67,NA,$0.02/gram,Voila~Dempster's Whole Wheat Bread Texas Toast 526 g,Voila,Dempster's Whole Wheat Bread Texas Toast 692 g,610g
182,2025-06-20 09:20:00,8.2,NA,NA,$0.05/gram,Voila~Dempster's Whole Wheat Bread Texas Toast 566 g,Voila,Dempster's Whole Wheat Bread Texas Toast 516 g,602g
430,2025-06-21 09:20:00,9.47,NA,NA,$0.03/gram,Voila~Dempster's Whole Wheat Bread Texas Toast 618 g,Voila,Dempster's Whole Wheat Bread Texas Toast 589 g,570g
196,2025-06-22 09:20:00,4.69,NA,NA,$0.03/gram,Voila~Dempster's Whole Wheat Bread Texas Toast 611 g,Voila,Dempster's Whole Wheat Bread Texas Toast 551 g,578g
194,2025-06-23 09:20:00,8.97,9.92,NA,$0.05/gram,Voila~Dempster's Whole Wheat Bread Texas Toast 693 g,Voila,Dempster's Whole Wheat Bread Texas Toast 504 g,627g
183,2025-06-24 09:20:00,8.39,NA,NA,$0.04/gram,Voila~Dempster's Whole Wheat Bread Texas Toast 666 g,Voila,Dempster's Whole Wheat Bread Texas Toast 547 g,552g
379,2025-06-25 09:20:00,7.94,NA,NA,$0.03/gram,Voila~Dempster's Whole Wheat Bread Texas Toast 630 g,Voila,Dempster's Whole Wheat Bread Texas Toast 652 g,680g
109,2025-06-26 09:20:00,7.04,4.05,NA,$0.02/gram,Voila~Dempster's Whole Wheat Bread Texas Toast 625 g,Voila,Dempster's Whole Wheat Bread Texas Toast 504 g,594g
127,2025-06-27 09:20:00,9.4,NA,NA,$0.02/gram,Voila~Dempster's Whole Wheat Bread Texas Toast 588 g,Voila,Dempster's Whole Wheat Bread Texas Toast 606 g,695g
240,2025-06-28 09:20:00,7.82,7.31,NA,$0.04/gram,Voila~Dempster's Whole Wheat Bread Texas Toast 682 g,Voila,Dempster's Whole Wheat Bread Texas Toast 645 g,501g
352,2025-06-29 09:20:00,7.74,8.21,NA,$0.02/gram,Voila~Dempster's Whole Wheat Bread Texas Toast 653 g,Voila,Dempster's Whole Wheat Bread Texas Toast 613 g,519g
73,2025-06-30 09:20:00,4.67,NA,NA,$0.05/gram,Voila~Dempster's Whole Wheat Bread Texas Toast 589 g,Voila,Dempster's Whole Wheat Bread Texas Toast 622 g,542g
450,2025-07-01 09:20:00,6.2,NA,NA,$0.03/gram,Voila~Dempster's Whole Wheat Bread Texas Toast 553 g,Voila,Dempster's Whole Wheat Bread Texas Toast 691 g,647g
276,2025-07-02 09:20:00,4.97,NA,NA,$0.03/gram,Voila~Dempster's Whole Wheat Bread Texas Toast 589 g,Voila,Dempster's Whole Wheat Bread Texas Toast 593 g,583g
208,2025-07-03 09:20:00,8.76,NA,NA,$0.03/gram,Voila~Dempster's Whole Wheat Bread Texas Toast 580 g,Voila,Dempster's Whole Wheat Bread Texas Toast 680 g,607g
74,2025-07-04 09:20:00,4.93,7.8,NA,$0.05/gram,Voila~Dempster's Whole Wheat Bread Texas Toast 537 g,Voila,Dempster's Whole Wheat Bread Texas Toast 597 g,632g
452,2025-07-05 09:20:00,4,5.23,NA,$0.03/gram,Voila~Dempster's Whole Wheat Bread Texas Toast 500 g,Voila,Dempster's Whole Wheat Bread Texas Toast 543 g,684g
143,2025-07-06 09:20:00,9.16,NA,NA,$0.02/gram,Voila~Dempster's Whole Wheat Bread Texas Toast 637 g,Voila,Dempster's Whole Wheat Bread Texas Toast 618 g,597g
39,2025-07-07 09:20:00,8.53,6.27,NA,$0.04/gram,Voila~Dempster's Whole Wheat Bread Texas Toast 624 g,Voila,Dempster's Whole Wheat Bread Texas Toast 653 g,673g
193,2025-07-08 09:20:00,5.71,4.45,NA,$0.04/gram,Voila~Dempster's Whole Wheat Bread Texas Toast 526 g,Voila,Dempster's Whole Wheat Bread Texas Toast 519 g,582g
319,2025-07-09 09:20:00,4.71,NA,NA,$0.03/gram,Voila~Dempster's Whole Wheat Bread Texas Toast 518 g,Voila,Dempster's Whole Wheat Bread Texas Toast 538 g,695g
335,2025-07-10 09:20:00,9,8.08,NA,$0.03/gram,Voila~Dempster's Whole Wheat Bread Texas Toast 589 g,Voila,Dempster's Whole Wheat Bread Texas Toast 586 g,644g
288,2025-07-11 09:20:00,5.1,NA,NA,$0.05/gram,Voila~Dempster's Whole Wheat Bread Texas Toast 688 g,Voila,Dempster's Whole Wheat Bread Texas Toast 556 g,649g
176,2025-07-12 09:20:00,9.46,NA,NA,$0.04/gram,Voila~Dempster's Whole Wheat Bread Texas Toast 678 g,Voila,Dempster's Whole Wheat Bread Texas Toast 504 g,643g
490,2025-07-13 09:20:00,9.38,NA,NA,$0.02/gram,Voila~Dempster's Whole Wheat Bread Texas Toast 545 g,Voila,Dempster's Whole Wheat Bread Texas Toast 530 g,506g
296,2025-07-14 09:20:00,4.54,4.68,NA,$0.04/gram,Voila~Dempster's Whole Wheat Bread Texas Toast 576 g,Voila,Dempster's Whole Wheat Bread Texas Toast 504 g,692g
334,2025-07-15 09:20:00,6.97,NA,NA,$0.02/gram,Voila~Dempster's Whole Wheat Bread Texas Toast 510 g,Voila,Dempster's Whole Wheat Bread Texas Toast 573 g,547g
77,2025-07-16 09:20:00,4.17,NA,NA,$0.05/gram,Voila~Dempster's Whole Wheat Bread Texas Toast 644 g,Voila,Dempster's Whole Wheat Bread Texas Toast 602 g,513g
474,2025-07-17 09:20:00,4.97,NA,NA,$0.03/gram,Voila~Dempster's Whole Wheat Bread Texas Toast 562 g,Voila,Dempster's Whole Wheat Bread Texas Toast 558 g,558g
481,2025-07-18 09:20:00,4.38,NA,NA,$0.03/gram,Voila~Dempster's Whole Wheat Bread Texas Toast 634 g,Voila,Dempster's Whole Wheat Bread Texas Toast 673 g,600g
255,2025-07-19 09:20:00,6.32,5.37,NA,$0.03/gram,Voila~Dempster's Whole Wheat Bread Texas Toast 571 g,Voila,Dempster's Whole Wheat Bread Texas Toast 641 g,539g
260,2025-07-20 09:20:00,9.31,NA,NA,$0.03/gram,Voila~Dempster's Whole Wheat Bread Texas Toast 551 g,Voila,Dempster's Whole Wheat Bread Texas Toast 646 g,679g
194,2025-07-21 09:20:00,8.56,NA,NA,$0.04/gram,Voila~Dempster's Whole Wheat Bread Texas Toast 528 g,Voila,Dempster's Whole Wheat Bread Texas Toast 656 g,651g
109,2025-07-22 09:20:00,9.84,NA,NA,$0.05/gram,Voila~Dempster's Whole Wheat Bread Texas Toast 691 g,Voila,Dempster's Whole Wheat Bread Texas Toast 522 g,547g
461,2025-07-23 09:20:00,8.63,NA,NA,$0.02/gram,Voila~Dempster's Whole Wheat Bread Texas Toast 613 g,Voila,Dempster's Whole Wheat Bread Texas Toast 624 g,516g
91,2025-07-24 09:20:00,4.57,NA,NA,$0.02/gram,Voila~Dempster's Whole Wheat Bread Texas Toast 675 g,Voila,Dempster's Whole Wheat Bread Texas Toast 508 g,566g
255,2025-07-25 09:20:00,7.14,NA,NA,$0.03/gram,Voila~Dempster's Whole Wheat Bread Texas Toast 632 g,Voila,Dempster's Whole Wheat Bread Texas Toast 536 g,647g
371,2025-07-26 09:20:00,6.91,NA,NA,$0.03/gram,Voila~Dempster's Whole Wheat Bread Texas Toast 555 g,Voila,Dempster's Whole Wheat Bread Texas Toast 538 g,640g
187,2025-07-27 09:20:00,7.26,NA,NA,$0.03/gram,Voila~Dempster's Whole Wheat Bread Texas Toast 612 g,Voila,Dempster's Whole Wheat Bread Texas Toast 503 g,579g
286,2025-07-28 09:20:00,8.55,6.65,NA,$0.04/gram,Voila~Dempster's Whole Wheat Bread Texas Toast 677 g,Voila,Dempster's Whole Wheat Bread Texas Toast 597 g,509g
144,2025-07-29 09:20:00,9.04,4.96,NA,$0.03/gram,Voila~Dempster's Whole Wheat Bread Texas Toast 611 g,Voila,Dempster's Whole Wheat Bread Texas Toast 583 g,665g
448,2025-07-30 09:20:00,4.63,9.5,NA,$0.02/gram,Voila~Dempster's Whole Wheat Bread Texas Toast 531 g,Voila,Dempster's Whole Wheat Bread Texas Toast 538 g,604g
402,2025-07-31 09:20:00,5.72,4.02,NA,$0.04/gram,Voila~Dempster's Whole Wheat Bread Texas Toast 576 g,Voila,Dempster's Whole Wheat Bread Texas Toast 688 g,634g
14,2025-08-01 09:20:00,7.09,NA,NA,$0.02/gram,Voila~Dempster's Whole Wheat Bread Texas Toast 687 g,Voila,Dempster's Whole Wheat Bread Texas Toast 664 g,696g
437,2025-08-02 09:20:00,4.08,7.95,NA,$0.04/gram,Voila~Dempster's Whole Wheat Bread Texas Toast 641 g,Voila,Dempster's Whole Wheat Bread Texas Toast 679 g,533g
427,2025-08-03 09:20:00,6.7,8.16,NA,$0.04/gram,Voila~Dempster's Whole Wheat Bread Texas Toast 581 g,Voila,Dempster's Whole Wheat Bread Texas Toast 627 g,610g
64,2025-08-04 09:20:00,8.86,NA,NA,$0.04/gram,Voila~Dempster's Whole Wheat Bread Texas Toast 559 g,Voila,Dempster's Whole Wheat Bread Texas Toast 580 g,607g
307,2025-08-05 09:20:00,4.26,7.17,NA,$0.02/gram,Voila~Dempster's Whole Wheat Bread Texas Toast 589 g,Voila,Dempster's Whole Wheat Bread Texas Toast 601 g,583g
265,2025-08-06 09:20:00,7.61,6.08,NA,$0.05/gram,Voila~Dempster's Whole Wheat Bread Texas Toast 662 g,Voila,Dempster's Whole Wheat Bread Texas Toast 522 g,581g
496,2025-08-07 09:20:00,9.35,6.26,NA,$0.05/gram,Voila~Dempster's Whole Wheat Bread Texas Toast 602 g,Voila,Dempster's Whole Wheat Bread Texas Toast 563 g,649g
76,2025-08-08 09:20:00,4.73,NA,NA,$0.04/gram,Voila~Dempster's Whole Wheat Bread Texas Toast 695 g,Voila,Dempster's Whole Wheat Bread Texas Toast 637 g,581g
484,2025-08-09 09:20:00,7.52,8.86,NA,$0.02/gram,Voila~Dempster's Whole Wheat Bread Texas Toast 511 g,Voila,Dempster's Whole Wheat Bread Texas Toast 564 g,506g
326,2025-08-10 09:20:00,5.55,9.38,NA,$0.02/gram,Voila~Dempster's Whole Wheat Bread Texas Toast 620 g,Voila,Dempster's Whole Wheat Bread Texas Toast 609 g,571g
479,2025-08-11 09:20:00,6.11,5.79,NA,$0.04/gram,Voila~Dempster's Whole Wheat Bread Texas Toast 699 g,Voila,Dempster's Whole Wheat Bread Texas Toast 656 g,506g
167,2025-08-12 09:20:00,7.83,NA,NA,$0.04/gram,Voila~Dempster's Whole Wheat Bread Texas Toast 512 g,Voila,Dempster's Whole Wheat Bread Texas Toast 682 g,625g
348,2025-08-13 09:20:00,7.01,4.47,NA,$0.02/gram,Voila~Dempster's Whole Wheat Bread Texas Toast 611 g,Voila,Dempster's Whole Wheat Bread Texas Toast 541 g,611g
207,2025-08-14 09:20:00,9.3,6.66,NA,$0.04/gram,Voila~Dempster's Whole Wheat Bread Texas Toast 642 g,Voila,Dempster's Whole Wheat Bread Texas Toast 641 g,530g
9,2025-08-15 09:20:00,7.47,6.83,NA,$0.03/gram,Voila~Dempster's Whole Wheat Bread Texas Toast 692 g,Voila,Dempster's Whole Wheat Bread Texas Toast 576 g,573g
29,2025-08-16 09:20:00,4.71,NA,NA,$0.02/gram,Voila~Dempster's Whole Wheat Bread Texas Toast 500 g,Voila,Dempster's Whole Wheat Bread Texas Toast 651 g,561g
480,2025-08-17 09:20:00,5.59,NA,NA,$0.04/gram,Voila~Dempster's Whole Wheat Bread Texas Toast 565 g,Voila,Dempster's Whole Wheat Bread Texas Toast 631 g,626g
132,2025-08-18 09:20:00,4.49,NA,NA,$0.04/gram,Voila~Dempster's Whole Wheat Bread Texas Toast 561 g,Voila,Dempster's Whole Wheat Bread Texas Toast 602 g,535g
115,2025-08-19 09:20:00,9.88,6.49,NA,$0.04/gram,Voila~Dempster's Whole Wheat Bread Texas Toast 537 g,Voila,Dempster's Whole Wheat Bread Texas Toast 520 g,514g
32,2025-08-20 09:20:00,8.1,NA,NA,$0.05/gram,Voila~Dempster's Whole Wheat Bread Texas Toast 641 g,Voila,Dempster's Whole Wheat Bread Texas Toast 695 g,523g
148,2025-08-21 09:20:00,4.37,8.57,NA,$0.02/gram,Voila~Dempster's Whole Wheat Bread Texas Toast 543 g,Voila,Dempster's Whole Wheat Bread Texas Toast 549 g,642g
459,2025-08-22 09:20:00,6.94,7.69,NA,$0.05/gram,Voila~Dempster's Whole Wheat Bread Texas Toast 646 g,Voila,Dempster's Whole Wheat Bread Texas Toast 574 g,662g
164,2025-08-23 09:20:00,5.04,8.64,NA,$0.03/gram,Voila~Dempster's Whole Wheat Bread Texas Toast 645 g,Voila,Dempster's Whole Wheat Bread Texas Toast 680 g,526g
459,2025-08-24 09:20:00,6.26,NA,NA,$0.05/gram,Voila~Dempster's Whole Wheat Bread Texas Toast 544 g,Voila,Dempster's Whole Wheat Bread Texas Toast 515 g,648g
208,2025-08-25 09:20:00,9.57,NA,NA,$0.02/gram,Voila~Dempster's Whole Wheat Bread Texas Toast 504 g,Voila,Dempster's Whole Wheat Bread Texas Toast 565 g,628g
149,2025-08-26 09:20:00,8.13,NA,NA,$0.01/gram,Voila~Dempster's Whole Wheat Bread Texas Toast 586 g,Voila,Dempster's Whole Wheat Bread Texas Toast 507 g,649g
53,2025-08-27 09:20:00,7.6,NA,NA,$0.03/gram,Voila~Dempster's Whole Wheat Bread Texas Toast 668 g,Voila,Dempster's Whole Wheat Bread Texas Toast 681 g,642g
267,2025-08-28 09:20:00,9.45,8.58,NA,$0.03/gram,Voila~Dempster's Whole Wheat Bread Texas Toast 594 g,Voila,Dempster's Whole Wheat Bread Texas Toast 526 g,692g
62,2025-08-29 09:20:00,6.09,NA,NA,$0.03/gram,Voila~Dempster's Whole Wheat Bread Texas Toast 659 g,Voila,Dempster's Whole Wheat Bread Texas Toast 587 g,622g
218,2025-08-30 09:20:00,5.49,NA,NA,$0.04/gram,Voila~Dempster's Whole Wheat Bread Texas Toast 659 g,Voila,Dempster's Whole Wheat Bread Texas Toast 698 g,628g
371,2025-08-31 09:20:00,8.88,6.07,NA,$0.03/gram,Voila~Dempster's Whole Wheat Bread Texas Toast 572 g,Voila,Dempster's Whole Wheat Bread Texas Toast 587 g,581g
491,2025-09-01 09:20:00,5.85,6.6,NA,$0.04/gram,Voila~Dempster's Whole Wheat Bread Texas Toast 575 g,Voila,Dempster's Whole Wheat Bread Texas Toast 582 g,592g
267,2025-09-02 09:20:00,8.89,4.3,NA,$0.03/gram,Voila~Dempster's Whole Wheat Bread Texas Toast 680 g,Voila,Dempster's Whole Wheat Bread Texas Toast 595 g,583g
429,2025-09-03 09:20:00,7.59,7.4,NA,$0.03/gram,Voila~Dempster's Whole Wheat Bread Texas Toast 623 g,Voila,Dempster's Whole Wheat Bread Texas Toast 616 g,571g
375,2025-09-04 09:20:00,9.5,NA,NA,$0.02/gram,Voila~Dempster's Whole Wheat Bread Texas Toast 570 g,Voila,Dempster's Whole Wheat Bread Texas Toast 537 g,525g
295,2025-09-05 09:20:00,5.74,NA,NA,$0.04/gram,Voila~Dempster's Whole Wheat Bread Texas Toast 633 g,Voila,Dempster's Whole Wheat Bread Texas Toast 560 g,603g
108,2025-09-06 09:20:00,5.55,NA,NA,$0.01/gram,Voila~Dempster's Whole Wheat Bread Texas Toast 625 g,Voila,Dempster's Whole Wheat Bread Texas Toast 625 g,568g
112,2025-09-07 09:20:00,9.41,8.72,NA,$0.04/gram,Voila~Dempster's Whole Wheat Bread Texas Toast 674 g,Voila,Dempster's Whole Wheat Bread Texas Toast 542 g,624g
